,Trade_date,Bid_time,Option_expiration,Call_Put,Price_strike,Bid_price,Bid_size,Ask_price,Ask_size,Mid_price,Underlying_mid_price,log_moneyness,Time_to_expiry,Mid_IV,Mid_price_diff,Bid_time_diff,Mid_IV_diff,Mid_price_ret,Mid_IV_diff_sign
11.0,10/21/2020,3131987,12/18/2020,C,3500.0,99.4,238,100.4,30,99.9,3441.9,-0.016739324004297996,0.1589041095890411,0.22987173824479995,0.20000000000000284,33.0,0.00022920395696865437,0.002004008686715262,1.0
23.0,10/21/2020,3382080,12/18/2020,P,3435.0,137.3,15,138.2,15,137.75,3445.5550000000003,0.003068068863502391,0.1589041095890411,0.261430920082274,-1.0,1.0,0.01749495411912874,-0.007233304593520061,1.0
30.0,10/21/2020,3472675,12/18/2020,C,3435.0,138.3,60,139.1,45,138.7,3445.0,0.0029069787913093108,0.1589041095890411,0.24438463450288136,5.599999999999994,64945.0,0.001888807564377204,0.041212601919719975,1.0
31.0,10/21/2020,3472718,12/18/2020,P,3435.0,137.4,60,138.2,60,137.8,3445.0,0.0029069787913093108,0.1589041095890411,0.2610470483953349,-0.8999999999999773,43.0,0.016662413892453515,-0.006509968741227542,1.0
43.0,10/21/2020,3563397,12/18/2020,P,3435.0,137.3,15,138.0,15,137.65,3445.23,0.0029737399879848827,0.1589041095890411,0.2609694844578217,-0.44999999999998863,11845.0,8.958717220169943e-05,-0.0032638288266300694,1.0
45.0,10/21/2020,3567669,12/18/2020,P,3450.0,143.2,69,144.0,135,143.6,3445.125,-0.0014140427656652375,0.1589041095890411,0.25756042277325125,5.049999999999983,3763.0,0.013674219174482555,0.03580038530513617,1.0
47.0,10/21/2020,3592792,12/18/2020,C,3475.0,114.5,127,116.3,130,115.4,3446.435,-0.008254115563784716,0.1589041095890411,0.23480810516613498,0.5500000000000114,11728.0,0.00037376504875444305,0.004777424938892104,1.0
65.0,10/21/2020,3948768,12/18/2020,P,3435.0,132.1,15,132.8,85,132.45,3456.13,0.006132540300783078,0.1589041095890411,0.2606657967458555,-12.25,1.0,0.016256758142147498,-0.08845741791935952,1.0
68.0,10/21/2020,3949158,12/18/2020,P,3435.0,132.1,15,132.8,100,132.45,3456.13,0.006132540300783078,0.1589041095890411,0.2606657967458555,0.05000000000001137,103.0,9.153275390044735e-05,0.0003775722151708866,1.0
77.0,10/21/2020,4002116,12/18/2020,P,3440.0,133.4,15,134.1,192,133.75,3457.685,0.005127818609152826,0.1589041095890411,0.2597814794573133,-8.599999999999994,85.0,0.016606951109149864,-0.06231642794793056,1.0
83.0,10/21/2020,4058382,12/18/2020,P,3435.0,131.3,44,132.0,93,131.65,3458.185,0.006726959288205132,0.1589041095890411,0.26091180953064325,1.5,23391.0,0.022055434016925196,0.011459254501744,1.0
87.0,10/21/2020,4106637,12/18/2020,C,3410.0,161.3,20,162.0,50,161.65,3457.765,0.013910135298967504,0.1589041095890411,0.24995512597268096,15.900000000000006,48019.0,0.005656676066492422,0.10354067894084036,1.0
92.0,10/21/2020,4204015,12/18/2020,P,3435.0,130.0,81,130.6,80,130.3,3461.035,0.007550751611957048,0.1589041095890411,0.26079858755902835,2.5500000000000114,48307.0,0.023566653648252667,0.019764255046985802,1.0
99.0,10/21/2020,4288909,12/18/2020,P,3445.0,133.6,30,134.4,15,134.0,3460.135,0.004383701183894895,0.1589041095890411,0.25771512207470887,-13.349999999999994,84878.0,0.013369613969960364,-0.09497090923279235,1.0
101.0,10/21/2020,4289064,12/18/2020,C,3445.0,140.6,15,141.5,15,141.05,3460.1000000000004,0.004373585920468085,0.1589041095890411,0.24299165473007286,32.400000000000006,155.0,0.012360537308288871,0.2609827307455667,1.0
104.0,10/21/2020,4355302,12/18/2020,P,3435.0,130.4,78,131.1,60,130.75,3459.49,0.007104253687112384,0.1589041095890411,0.260345988987948,-10.25,66098.0,0.01744559951004679,-0.07547278743313596,1.0
109.0,10/21/2020,4464299,12/18/2020,P,3435.0,129.8,60,130.5,60,130.15,3460.42,0.007373043311717054,0.1589041095890411,0.26001638307982394,-6.0,61651.0,0.003022253975166922,-0.045069587679194265,1.0
118.0,10/21/2020,4464505,12/18/2020,P,3435.0,129.9,15,130.5,60,130.2,3460.42,0.007373043311717054,0.1589041095890411,0.2601079305641476,-16.94999999999999,142.0,0.015509405561911965,-0.12238074490501279,1.0
125.0,10/21/2020,4541657,12/18/2020,P,3445.0,133.0,71,133.6,49,133.3,3461.245,0.004704446471544328,0.1589041095890411,0.2573732955641081,-7.849999999999994,742.0,0.015323424673332003,-0.05722092751483532,1.0
133.0,10/21/2020,4585578,12/18/2020,P,3450.0,134.7,67,135.3,62,135.0,3461.685,0.0033812337028176053,0.1589041095890411,0.25624375075478545,-6.25,43122.0,0.014045762648189408,-0.04525659158812083,1.0
139.0,10/21/2020,4589005,12/18/2020,P,3445.0,132.8,37,133.6,134,133.2,3461.8500000000004,0.004879223793404136,0.1589041095890411,0.25769981329891417,-5.0,3133.0,0.016976550957055025,-0.03685015322728076,1.0
143.0,10/21/2020,4656445,12/18/2020,P,3450.0,135.2,86,135.9,15,135.55,3460.65,0.003082201654321722,0.1589041095890411,0.2563651895146522,-2.0,843.0,0.01576860802913399,-0.01464691142590905,1.0
149.0,10/21/2020,4657306,12/18/2020,P,3450.0,135.3,30,135.9,15,135.60000000000002,3460.65,0.003082201654321722,0.1589041095890411,0.2564563420174869,0.05000000000001137,861.0,9.115250283470155e-05,0.0003687995616207287,1.0
155.0,10/21/2020,4663305,12/18/2020,P,3450.0,135.3,15,136.0,90,135.65,3460.64,0.0030793120195860856,0.1589041095890411,0.2565389696466559,0.09999999999999432,5716.0,0.00017378013200369802,0.0007374631602661291,1.0
167.0,10/21/2020,4688728,12/18/2020,P,3525.0,167.5,92,168.5,65,168.0,3460.92,-0.01834598658490587,0.1589041095890411,0.24046616094652254,-0.35000000000002274,4421.0,0.00036605002534573217,-0.002081166203824734,1.0
169.0,10/21/2020,4692367,12/18/2020,P,3525.0,167.1,123,168.0,65,167.55,3463.0299999999997,-0.017736507872519024,0.1589041095890411,0.24179070791823948,-0.44999999999998863,3639.0,0.001324546971716939,-0.0026821652199393972,1.0
156.0,10/21/2020,4708656,12/18/2020,P,3450.0,134.5,15,135.2,15,134.85,3462.535,0.003626748722349087,0.1589041095890411,0.25669233025750815,-32.70000000000002,16289.0,0.014901622339268672,-0.21711876459758062,1.0
174.0,10/21/2020,4933079,12/18/2020,P,3450.0,134.5,119,135.2,75,134.85,3462.08,0.0034953334738030517,0.1589041095890411,0.2563060276660265,-3.6500000000000057,43747.0,0.01562922806118741,-0.026707276041654262,1.0
180.0,10/21/2020,4947359,12/18/2020,P,3450.0,134.9,205,135.6,82,135.25,3461.315,0.0032743436261595442,0.1589041095890411,0.2563847279040265,-3.0,14175.0,0.01590091557514073,-0.021938722675853332,1.0
186.0,10/21/2020,4998978,12/18/2020,C,3410.0,162.3,85,163.1,75,162.7,3460.375,0.014664673404246998,0.1589041095890411,0.2491122006948689,24.94999999999999,51512.0,0.008796315865860688,0.1664675661919681,1.0
190.0,10/21/2020,5315387,12/18/2020,P,3450.0,133.7,202,134.4,15,134.05,3463.0150000000003,0.003765365872111547,0.1589041095890411,0.2556411152725682,-5.049999999999983,320.0,0.01451837719378965,-0.03698023424742884,1.0
194.0,10/21/2020,5445449,12/18/2020,P,3450.0,134.4,52,135.0,47,134.7,3462.17,0.0035213290689954336,0.1589041095890411,0.25610903885019337,-3.6500000000000057,2.0,0.015530499966051714,-0.02673662281661663,1.0
198.0,10/21/2020,5486512,12/18/2020,P,3455.0,136.1,50,136.8,124,136.45,3462.425,0.00214675340940889,0.1589041095890411,0.25487641991290316,1.0,417.0,0.015430735421299108,0.007355678623243457,1.0
201.0,10/21/2020,5500245,12/18/2020,P,3430.0,126.4,85,127.0,62,126.7,3463.34,0.009673180191140334,0.1589041095890411,0.2605552268349328,-9.749999999999986,13733.0,0.0056788069220296555,-0.07413615982725395,1.0
210.0,10/21/2020,5534978,12/18/2020,P,3450.0,134.3,46,134.9,15,134.60000000000002,3462.25,0.003544435697421627,0.1589041095890411,0.25599468836727446,-1.3999999999999773,34066.0,0.0011532390783207114,-0.01034746852542443,1.0
214.0,10/21/2020,5584693,12/18/2020,C,3450.0,137.6,50,138.4,15,138.0,3461.16,0.0032295619548566596,0.1589041095890411,0.24092207863665543,-0.5500000000000114,48728.0,5.682462078854256e-05,-0.00397758615178285,1.0
213.0,10/21/2020,5584790,12/18/2020,P,3450.0,134.6,71,135.3,15,134.95,3461.16,0.0032295619548566596,0.1589041095890411,0.2557058847404348,-3.0500000000000114,97.0,0.014783806103779384,-0.02234934569319111,1.0
223.0,10/21/2020,5722427,12/18/2020,C,3405.0,168.6,18,169.1,50,168.85,3464.39,0.017291631366397584,0.1589041095890411,0.2511336510511621,29.400000000000006,4546.0,0.010788558628715195,0.1913046327580788,1.0
227.0,10/21/2020,5729351,12/18/2020,C,3470.0,127.2,120,128.0,119,127.6,3464.7,-0.001528545151753487,0.1589041095890411,0.23626846709158714,0.15000000000000568,3651.0,0.0001468083386596264,0.0011762400885651782,1.0
228.0,10/21/2020,5737732,12/18/2020,C,3450.0,139.0,75,139.9,205,139.45,3463.9700000000003,0.004041099111334851,0.1589041095890411,0.24082885364996506,11.849999999999994,8381.0,0.004560386558377927,0.08880574316280833,1.0
229.0,10/21/2020,5737762,12/18/2020,P,3450.0,133.5,71,134.3,15,133.9,3463.9700000000003,0.004041099111334851,0.1589041095890411,0.25617617019433575,-5.549999999999983,30.0,0.015347316544370687,-0.04061286137637101,1.0
231.0,10/21/2020,5773921,12/18/2020,C,3470.0,127.1,134,127.9,52,127.5,3464.4700000000003,-0.001594931169150651,0.1589041095890411,0.23630078769909887,0.15000000000000568,551.0,4.929820830171239e-05,0.0011771631730148311,1.0
236.0,10/21/2020,5778261,12/18/2020,C,3450.0,139.6,90,140.4,65,140.0,3464.84,0.004292224486275717,0.1589041095890411,0.24098071777605598,12.5,4340.0,0.004679930076957106,0.09352605801082355,1.0
247.0,10/21/2020,5778446,12/18/2020,C,3550.0,84.2,135,84.9,78,84.55000000000001,3464.84,-0.024281147957780327,0.1589041095890411,0.2196049477162846,0.05000000000001137,177.0,9.325359425596536e-05,0.0005915409814613449,1.0
255.0,10/21/2020,5927709,12/18/2020,P,3450.0,134.4,15,135.1,51,134.75,3462.47,0.0036079761727256182,0.1589041095890411,0.25645488313918485,-5.099999999999994,145608.0,0.01494579781298258,-0.037149209858862144,1.0
258.0,10/21/2020,6099792,12/18/2020,P,3450.0,134.0,15,134.7,15,134.35,3463.41,0.003879421824620216,0.1589041095890411,0.2565225838483953,-4.650000000000006,37672.0,0.015343378123405416,-0.03402559806919159,1.0
262.0,10/21/2020,6296429,12/18/2020,P,3455.0,137.0,15,137.6,58,137.3,3461.58,0.0019026750171503514,0.1589041095890411,0.25569825920254924,27.850000000000023,21284.0,0.025403271495804236,0.22670048880505358,1.0
264.0,10/21/2020,6304919,12/18/2020,P,3450.0,135.2,75,135.9,187,135.55,3461.04,0.0031948908965192886,0.1589041095890411,0.25669749838221495,0.30000000000001137,8490.0,0.01661235223475327,0.002215658218083746,1.0
274.0,10/21/2020,6316345,12/18/2020,P,3450.0,135.2,95,135.9,122,135.55,3461.1549999999997,0.0032281173514255145,0.1589041095890411,0.2567954247623524,-2.5999999999999943,11388.0,0.015483446253536787,-0.01899947542475102,1.0
282.0,10/21/2020,6580781,12/18/2020,P,3455.0,138.3,15,138.9,86,138.60000000000002,3458.685,0.0010660018062602643,0.1589041095890411,0.2555673397746772,4.450000000000017,41980.0,0.015145975863669003,0.03263350988416983,1.0
284.0,10/21/2020,6740723,12/18/2020,P,3455.0,138.5,15,139.2,60,138.85,3457.935,0.0008491328723186991,0.1589041095890411,0.25537249912508686,4.75,159688.0,0.014713110906062893,0.03480842346517566,1.0
288.0,10/21/2020,6741090,12/18/2020,P,3455.0,138.6,15,139.2,60,138.89999999999998,3457.935,0.0008491328723186991,0.1589041095890411,0.2554635822266263,5.299999999999983,184.0,0.015000306635869098,0.03890398865775253,1.0
294.0,10/21/2020,6768082,12/18/2020,P,3450.0,136.8,15,137.4,69,137.10000000000002,3457.585,0.002196137448485923,0.1589041095890411,0.256568440452172,0.7500000000000284,153.0,0.015197540200101556,0.005485477276671278,1.0
296.0,10/21/2020,6869406,12/18/2020,P,3450.0,136.2,55,136.8,30,136.5,3459.03,0.002613971901039258,0.1589041095890411,0.2567133967629634,-0.6500000000000057,5075.0,0.01527797024128083,-0.004750602758597865,1.0
316.0,10/21/2020,7001156,12/18/2020,P,3450.0,136.6,141,137.3,125,136.95,3458.0950000000003,0.0023436283679400534,0.1589041095890411,0.2567327145057808,0.3499999999999659,995.0,0.015397503780126942,0.0025589485723973315,1.0
321.0,10/21/2020,7300578,12/18/2020,P,3450.0,136.0,104,136.7,117,136.35,3458.865,0.0025662695291379586,0.1589041095890411,0.25629865674730995,3.0,129101.0,0.01585782602108185,0.022247858663574246,1.0
325.0,10/21/2020,7316675,12/18/2020,P,3400.0,118.1,188,118.7,15,118.4,3459.085,0.017228671607168594,0.1589041095890411,0.2679095466894491,-18.650000000000006,15571.0,0.02649702794113784,-0.14627710029888955,1.0
348.0,10/21/2020,7607657,12/18/2020,P,3450.0,135.9,75,136.5,36,136.2,3459.62,0.002784525405387665,0.1589041095890411,0.2566710378341619,-1.25,307.0,0.015259147362287145,-0.009135820895842781,1.0
350.0,10/21/2020,7751083,12/18/2020,P,3450.0,137.5,131,138.2,124,137.85,3456.08,0.0017607677787747477,0.1589041095890411,0.2566409927577933,-30.599999999999994,40449.0,0.0035741453147188906,-0.20047283238275615,1.0
363.0,10/21/2020,7877940,12/18/2020,P,3450.0,138.9,62,139.6,75,139.25,3453.13,0.0009068350775651934,0.1589041095890411,0.2566418906786641,5.199999999999989,34.0,0.01519513965330166,0.038058014125425074,1.0
376.0,10/21/2020,8025821,12/18/2020,P,3450.0,139.0,35,139.7,78,139.35,3452.5550000000003,0.0007403056163086302,0.1589041095890411,0.2563245766365758,8.599999999999994,136482.0,0.016132013407008317,0.06370165098292484,1.0
381.0,10/21/2020,8067641,12/18/2020,C,3445.0,136.3,15,137.0,15,136.65,3452.58,0.0021978731820023025,0.1589041095890411,0.24227369562768594,3.0,41595.0,0.0010084553760629777,0.02219846978914891,1.0
378.0,10/21/2020,8067759,12/18/2020,P,3445.0,137.1,15,137.8,190,137.45,3452.58,0.0021978731820023025,0.1589041095890411,0.25757557151823884,0.799999999999983,118.0,0.015301875890552902,0.005837302237177467,1.0
388.0,10/21/2020,8308834,12/18/2020,P,3445.0,137.8,15,138.5,71,138.15,3451.405,0.0018574900521594361,0.1589041095890411,0.25784183668046917,33.400000000000006,60945.0,0.027274539781653645,0.2767634925671784,1.0
385.0,10/21/2020,8309057,12/18/2020,P,3455.0,141.6,345,142.4,100,142.0,3451.405,-0.0010410627018519253,0.1589041095890411,0.25540002031451925,11.75,5.0,0.01486890632792226,0.08637137696778449,1.0
402.0,10/21/2020,8365797,12/18/2020,C,3445.0,135.9,149,136.7,60,136.3,3451.25,0.0018125797966051429,0.1589041095890411,0.24291576765308795,6.350000000000023,40130.0,0.0021720684599139672,0.04770857761498787,1.0
405.0,10/21/2020,8421390,12/18/2020,P,3450.0,139.9,75,141.0,75,140.45,3450.88,0.0002550399383181072,0.1589041095890411,0.25687178997004384,35.5,31790.0,0.02604309928732551,0.2913675072836107,1.0
413.0,10/21/2020,8461443,12/18/2020,P,3455.0,142.8,100,145.9,100,144.35000000000002,3448.86,-0.001778715564575668,0.1589041095890411,0.2574343126194814,11.900000000000034,13037.0,0.015883728039109563,0.08603569039086571,1.0
422.0,10/21/2020,8589105,12/18/2020,P,3445.0,139.0,15,139.6,60,139.3,3449.33,0.0012561048192711183,0.1589041095890411,0.25814788178528836,4.150000000000006,123819.0,0.014938833003712848,0.030244608063303462,1.0
427.0,10/21/2020,8657649,12/18/2020,C,3500.0,103.0,205,103.7,75,103.35,3448.865,-0.014717777086949775,0.1589041095890411,0.23045204021162827,-0.15000000000000568,51694.0,0.00010027441659268832,-0.0014503265776465246,1.0
432.0,10/21/2020,8692384,12/18/2020,P,3450.0,140.9,71,141.6,76,141.25,3449.1800000000003,-0.00023770941006353517,0.1589041095890411,0.2568439819450468,37.900000000000006,34735.0,0.02639194173341855,0.31241008389877306,1.0
433.0,10/21/2020,8692540,12/18/2020,P,3450.0,141.0,15,141.6,76,141.3,3449.135,-0.00025075607435776743,0.1589041095890411,0.2568957756780618,9.200000000000017,156.0,0.015255070114942787,0.06732607816220233,1.0
438.0,10/21/2020,9176894,12/18/2020,C,3500.0,99.1,43,99.9,43,99.5,3439.995,-0.017292950599489428,0.1589041095890411,0.23069631570264967,12.950000000000003,215517.0,0.006554226043321593,0.13943536254232897,1.0
440.0,10/21/2020,9207560,12/18/2020,C,3500.0,99.4,106,100.0,59,99.7,3440.04,-0.017279869270687857,0.1589041095890411,0.23102873986864458,0.20000000000000284,30666.0,0.0003324241659949101,0.002008032803245613,1.0
441.0,10/21/2020,9250636,12/18/2020,C,3450.0,127.3,36,128.2,90,127.75,3440.0950000000003,-0.0028751437602139384,0.1589041095890411,0.2422046969563415,28.049999999999997,43076.0,0.01117595708769692,0.24790955211602111,1.0
446.0,10/21/2020,9295523,12/18/2020,P,3455.0,148.7,65,149.4,86,149.05,3438.1400000000003,-0.004891829738445403,0.1589041095890411,0.25637437565330257,25.200000000000017,444.0,0.015253360719092668,0.185210664188712,1.0
455.0,10/21/2020,9379575,12/18/2020,C,3500.0,98.2,30,99.6,30,98.9,3437.475,-0.018025778256397514,0.1589041095890411,0.2316465767895985,-0.3499999999999943,63506.0,0.00011989790331362604,-0.0035326809386332743,1.0
457.0,10/21/2020,9438093,12/18/2020,P,3450.0,148.9,158,149.7,15,149.3,3434.665,-0.0044548355979452696,0.1589041095890411,0.2585948006305969,-21.69999999999999,10403.0,0.011202804130980237,-0.1357058519575151,1.0
474.0,10/21/2020,9659293,12/18/2020,P,3400.0,129.7,12,129.8,76,129.75,3435.605,0.010417606636624012,0.1589041095890411,0.27034050702332574,0.3499999999999943,2.0,0.0006479065889022917,0.0027011399791977446,1.0
477.0,10/21/2020,9827345,12/18/2020,C,3425.0,140.1,15,140.9,15,140.5,3433.91,0.002598081914442994,0.1589041095890411,0.2494656204092359,42.80000000000001,33882.0,0.01730697097540959,0.3633059297250635,1.0
479.0,10/21/2020,9837187,12/18/2020,C,3425.0,141.0,10,141.8,15,141.4,3436.545,0.003365134498062834,0.1589041095890411,0.24854532944484642,37.80000000000001,692.0,0.014737541025417411,0.3110554236370897,1.0
480.0,10/21/2020,9838592,12/18/2020,P,3470.0,156.6,35,157.5,15,157.05,3436.225,-0.009781108860777939,0.1589041095890411,0.25416362659610503,15.650000000000006,1405.0,0.005618297151258611,0.10497147252218329,1.0
483.0,10/21/2020,9839484,12/18/2020,P,3445.0,146.1,15,146.8,43,146.45,3435.99,-0.0026188107087328836,0.1589041095890411,0.25946335258207753,-10.550000000000011,751.0,0.005391320282453815,-0.06956173207456562,1.0
484.0,10/21/2020,9852593,12/18/2020,P,3395.0,127.2,59,128.2,54,127.69999999999999,3435.83,0.011954765752324377,0.1589041095890411,0.27117324814694554,-1.700000000000017,12990.0,0.026428067182838078,-0.013224619028306694,1.0
485.0,10/21/2020,9852790,12/18/2020,P,3385.0,123.7,60,124.7,40,124.2,3435.83,0.014904620398745533,0.1589041095890411,0.273447877831868,-3.499999999999986,197.0,0.00227462968492248,-0.027790593539115137,1.0
486.0,10/21/2020,9858106,12/18/2020,P,3425.0,138.7,172,139.5,56,139.1,3435.42,0.0030377172280241387,0.1589041095890411,0.26455705977744987,-1.8000000000000114,37.0,0.015829581043473373,-0.01285731997523743,1.0
492.0,10/21/2020,9952724,12/18/2020,C,3445.0,128.5,60,129.1,37,128.8,3434.835,-0.0029550148795214034,0.1589041095890411,0.24472103786598964,-0.44999999999998863,46580.0,5.0263757905760764e-05,-0.0034876997182852164,1.0
491.0,10/21/2020,9954338,12/18/2020,P,3445.0,147.0,15,147.7,50,147.35,3434.835,-0.0029550148795214034,0.1589041095890411,0.2600748096530347,18.549999999999983,1614.0,0.015353771787045056,0.1345498955134503,1.0
494.0,10/21/2020,10018890,12/18/2020,C,3425.0,140.7,14,141.4,150,141.05,3435.18,0.002967854333925279,0.1589041095890411,0.2492373088294334,-30.19999999999999,59936.0,0.001537226536549835,-0.19401003969432923,1.0
496.0,10/21/2020,10118574,12/18/2020,P,3425.0,138.0,15,138.7,157,138.35,3436.895,0.0034669757886836247,0.1589041095890411,0.264443908706114,-2.8000000000000114,86803.0,0.015262242888855554,-0.02003644846656348,1.0
499.0,10/21/2020,10119358,12/18/2020,P,3425.0,138.0,15,138.7,202,138.35,3436.895,0.0034669757886836247,0.1589041095890411,0.264443908706114,-3.25,412.0,0.015874190680600697,-0.023219475026684505,1.0
507.0,10/21/2020,10299310,12/18/2020,C,3425.0,143.4,69,144.3,150,143.85000000000002,3441.12,0.004695528076346117,0.1589041095890411,0.24854176870913178,2.842170943040401e-14,118.0,2.7755575615628914e-17,2.2204460492503128e-16,1.0
510.0,10/21/2020,10338619,12/18/2020,P,3450.0,144.9,85,145.6,95,145.25,3441.84,-0.0023680189363389065,0.1589041095890411,0.25765296215947436,1.3999999999999773,39309.0,0.009111193450342586,0.00968530573446346,1.0
519.0,10/21/2020,10413629,12/18/2020,C,3430.0,141.4,100,142.1,15,141.75,3443.0299999999997,0.0037916364719742077,0.1589041095890411,0.2473708523000354,12.699999999999989,70891.0,0.004411772849508777,0.09386501644323844,1.0
518.0,10/21/2020,10413996,12/18/2020,P,3430.0,136.7,160,137.4,35,137.05,3443.0299999999997,0.0037916364719742077,0.1589041095890411,0.26264346790604637,-4.699999999999989,367.0,0.01527261560601098,-0.03371911985906658,1.0
523.0,10/21/2020,10516690,12/18/2020,P,3435.0,138.7,85,139.4,151,139.05,3443.0299999999997,0.0023349719755100537,0.1589041095890411,0.26164340528233576,0.35000000000002274,1445.0,0.015346339730904324,0.0025202533591880847,1.0
526.0,10/21/2020,10633011,12/18/2020,P,3400.0,124.9,84,125.5,112,125.2,3445.085,0.013173145978889774,0.1589041095890411,0.2695526265041874,-40.249999999999986,277.0,0.022751598240609405,-0.278756575701623,1.0
537.0,10/21/2020,10658569,12/18/2020,P,3435.0,137.0,140,137.7,96,137.35,3446.3,0.00328426610006684,0.1589041095890411,0.2613356768057125,-3.0999999999999943,487.0,0.015013475596059728,-0.022319141008969774,1.0
541.0,10/21/2020,10673922,12/18/2020,P,3450.0,143.3,75,144.0,124,143.65,3445.795,-0.001219583970000381,0.1589041095890411,0.2582447547003553,3.200000000000017,14999.0,0.011922553490702509,0.022528231875045993,1.0
544.0,10/21/2020,10676734,12/18/2020,C,3400.0,162.0,166,162.9,15,162.45,3446.0950000000003,0.01346627429863525,0.1589041095890411,0.2539502913246774,-2.75,2231.0,0.0068991559756333976,-0.016786598971768416,1.0
552.0,10/21/2020,10699178,12/18/2020,P,3425.0,133.2,75,133.8,37,133.5,3446.5550000000003,0.006273709720532481,0.1589041095890411,0.26370846975575035,-28.94999999999999,22444.0,0.009758178431072961,-0.19626878427480504,1.0
556.0,10/21/2020,10699289,12/18/2020,C,3425.0,146.4,48,147.1,93,146.75,3446.5550000000003,0.006273709720532481,0.1589041095890411,0.24846001325175257,0.05000000000001137,88.0,9.180649501641658e-05,0.00034077355926991797,1.0
559.0,10/21/2020,10706766,12/18/2020,P,3450.0,142.9,75,143.5,64,143.2,3446.465,-0.0010251629812069762,0.1589041095890411,0.2580149581145151,-21.55000000000001,646.0,0.011121856205919073,-0.14018691885607149,1.0
558.0,10/21/2020,10707567,12/18/2020,P,3400.0,124.4,75,125.0,152,124.7,3446.465,0.013573636439945717,0.1589041095890411,0.26972399995608387,-18.499999999999986,801.0,0.01170904184156879,-0.1383314018405544,1.0
561.0,10/21/2020,10750906,12/18/2020,P,3400.0,124.8,75,125.3,39,125.05,3445.92,0.013415490892029897,0.1589041095890411,0.2699395763873793,-40.2,213.0,0.02267196772234445,-0.27874582140816767,1.0
566.0,10/21/2020,10763526,12/18/2020,P,3450.0,143.4,15,144.0,94,143.7,3445.8599999999997,-0.001200720576518988,0.1589041095890411,0.2583935430388506,-21.55000000000001,18.0,0.011185775886617733,-0.13973168564681648,1.0
564.0,10/21/2020,10764081,12/18/2020,P,3400.0,124.8,75,125.4,138,125.1,3445.8599999999997,0.013398078844633609,0.1589041095890411,0.2699845334206316,-18.599999999999994,555.0,0.011590990381781019,-0.13861437561211373,1.0
575.0,10/21/2020,10842008,12/18/2020,P,3400.0,124.5,59,125.0,54,124.75,3446.84,0.013682437660947714,0.1589041095890411,0.27011462083163346,-40.099999999999994,508.0,0.022664795924406095,-0.278724234886112,1.0
582.0,10/21/2020,10912572,12/18/2020,C,3450.0,131.4,209,132.2,103,131.8,3447.83,-0.0006291834016167458,0.1589041095890411,0.24236813586108624,28.400000000000006,32168.0,0.010728514713826742,0.2426806599940782,1.0
583.0,10/21/2020,10924088,12/18/2020,P,3450.0,142.5,15,143.1,120,142.8,3447.755,-0.0006509364508511809,0.1589041095890411,0.2584216037796618,11.0,11516.0,0.016053467918575537,0.08015942783707708,1.0
585.0,10/21/2020,10955183,12/18/2020,P,3400.0,124.2,75,124.8,98,124.5,3447.035,0.013739009617953619,0.1589041095890411,0.2698058135625288,-40.05000000000001,158.0,0.022712415946993803,-0.2789087594845867,1.0
592.0,10/21/2020,10990618,12/18/2020,P,3440.0,138.9,15,139.5,176,139.2,3446.96,0.002021211788502347,0.1589041095890411,0.2606159935327249,-4.0,13659.0,0.0022657219929743677,-0.028330506626225996,1.0
596.0,10/21/2020,11048857,12/18/2020,C,3415.0,152.1,50,152.9,65,152.5,3446.075,0.009058409210624589,0.1589041095890411,0.2501242753184776,15.100000000000023,58194.0,0.005528459982671957,0.1042682162592176,1.0
598.0,10/21/2020,11088412,12/18/2020,P,3400.0,123.9,47,124.4,40,124.15,3447.5299999999997,0.01388260098328281,0.1589041095890411,0.2695493442785814,-40.04999999999998,17.0,0.022606023913068346,-0.2795946850641522,1.0
605.0,10/21/2020,11128387,12/18/2020,C,3435.0,140.3,15,141.1,50,140.7,3447.8599999999997,0.003736823054539808,0.1589041095890411,0.24525536608039153,8.949999999999989,13230.0,0.0031624410714282125,0.06572377669887161,1.0
606.0,10/21/2020,11128417,12/18/2020,P,3430.0,134.5,15,135.1,37,134.8,3447.8599999999997,0.005193487551004034,0.1589041095890411,0.26260996017624677,-5.899999999999977,30.0,0.01735459409585524,-0.04283776564213658,1.0
608.0,10/21/2020,11128583,12/18/2020,P,3435.0,136.3,15,137.3,15,136.8,3447.8599999999997,0.003736823054539808,0.1589041095890411,0.26165914496082227,0.10000000000002274,144.0,0.00018308522158300145,0.0007312614585463625,1.0
614.0,10/21/2020,11240158,12/18/2020,P,3430.0,134.6,32,135.2,86,134.89999999999998,3447.365,0.0050499099300125305,0.1589041095890411,0.2623761489497243,-2.8000000000000114,27232.0,0.017907743759219996,-0.020543642520899016,1.0
627.0,10/21/2020,11322174,12/18/2020,C,3435.0,140.8,60,141.5,90,141.15,3448.26,0.0038528303167248154,0.1589041095890411,0.2456874521724457,3.200000000000017,62864.0,0.0013276347807932853,0.02293185403620346,1.0
624.0,10/21/2020,11323005,12/18/2020,P,3435.0,136.0,15,136.6,162,136.3,3448.26,0.0038528303167248154,0.1589041095890411,0.2610840673151241,-4.849999999999994,831.0,0.015396615142678427,-0.03496481599701135,1.0
629.0,10/21/2020,11415468,12/18/2020,P,3400.0,123.1,165,123.9,138,123.5,3448.4700000000003,0.014155222794716224,0.1589041095890411,0.26908800489381324,-12.800000000000011,92463.0,0.008003937578689113,-0.09861718263445513,1.0
628.0,10/21/2020,11415474,12/18/2020,P,3450.0,141.5,60,142.5,248,142.0,3448.4700000000003,-0.000443576626436546,0.1589041095890411,0.25758978208310895,-21.400000000000006,5.0,0.011180757627750948,-0.14037412482464184,1.0
632.0,10/21/2020,11422561,12/18/2020,P,3435.0,136.0,15,136.6,157,136.3,3448.42,0.003899229453709137,0.1589041095890411,0.26122011205984014,-4.799999999999983,290.0,0.01578098233023545,-0.034610520156281285,1.0
633.0,10/21/2020,11518982,12/18/2020,P,3450.0,141.7,15,142.4,174,142.05,3448.56,-0.0004174784363445552,0.1589041095890411,0.2577601108876118,-21.399999999999977,3117.0,0.011170282019587696,-0.14032802487002255,1.0
634.0,10/21/2020,11518984,12/18/2020,P,3400.0,123.3,55,123.9,179,123.6,3448.56,0.014181320984808059,0.1589041095890411,0.2693447031167898,-18.450000000000017,2.0,0.011584592229178015,-0.1391285632766066,1.0
642.0,10/21/2020,12020269,12/18/2020,P,3450.0,146.3,15,147.0,65,146.65,3440.11,-0.0028707834250205617,0.1589041095890411,0.2586637719550619,-0.549999999999983,24852.0,0.00039619536422624835,-0.0037434108713157188,1.0
645.0,10/21/2020,12057106,12/18/2020,P,3450.0,146.4,57,147.1,62,146.75,3440.24,-0.002832994649735761,0.1589041095890411,0.2589631844367217,-22.0,368.0,0.010967290342844715,-0.13968787104443336,1.0
648.0,10/21/2020,12069959,12/18/2020,P,3440.0,142.4,72,143.2,100,142.8,3440.3450000000003,0.0001002856688987911,0.1589041095890411,0.2614514063867287,8.600000000000023,53.0,0.016371038510425595,0.062113825367902796,1.0
655.0,10/21/2020,12157946,12/18/2020,P,3440.0,141.9,60,142.6,186,142.25,3441.005,0.00029210849494983206,0.1589041095890411,0.26102276339846203,-4.199999999999989,42359.0,0.0024332808527500194,-0.029098000267302103,1.0
658.0,10/21/2020,12158515,12/18/2020,P,3440.0,141.9,15,142.6,166,142.25,3441.005,0.00029210849494983206,0.1589041095890411,0.26102276339846203,7.550000000000011,554.0,0.015655809373035096,0.05453598959012218,1.0
663.0,10/21/2020,12423661,12/18/2020,P,3450.0,145.7,87,146.5,65,146.1,3440.8599999999997,-0.002652790902754167,0.1589041095890411,0.2583303070433567,17.349999999999994,55088.0,0.01567279570139604,0.12641877921280817,1.0
666.0,10/21/2020,12459963,12/18/2020,C,3450.0,127.8,15,128.5,215,128.15,3440.4750000000004,-0.002764687794970824,0.1589041095890411,0.24258330367403652,28.05000000000001,23265.0,0.010922635610041004,0.2470317664889053,1.0
671.0,10/21/2020,12529406,12/18/2020,C,3500.0,101.3,15,101.9,15,101.6,3443.465,-0.01628473662165362,0.1589041095890411,0.23171569919143556,0.5,13067.0,5.535868162226398e-05,0.004933409117955772,1.0
672.0,10/21/2020,12563407,12/18/2020,C,3450.0,129.4,15,130.1,227,129.75,3443.175,-0.001980220212086105,0.1589041095890411,0.24299318279960402,28.150000000000006,34001.0,0.011277483608168465,0.24456598690161654,1.0
673.0,10/21/2020,12572647,12/18/2020,P,3450.0,144.4,15,145.0,65,144.7,3443.245,-0.001959890345478428,0.1589041095890411,0.2579005951672995,14.949999999999989,9240.0,0.014907412367695494,0.10905311159144002,1.0
680.0,10/21/2020,12612545,12/18/2020,P,3450.0,144.1,30,144.9,15,144.5,3443.545,-0.0018727670267218147,0.1589041095890411,0.25780207862130833,42.900000000000006,6915.0,0.02635472734400862,0.35223597240810545,1.0
682.0,10/21/2020,12623923,12/18/2020,C,3500.0,101.2,57,101.8,15,101.5,3443.385,-0.016307969304230837,0.1589041095890411,0.23159756002860088,0.15000000000000568,4520.0,0.00013601750731842555,0.0014789255838329929,1.0
692.0,10/21/2020,12739546,12/18/2020,P,3440.0,142.9,15,143.8,15,143.35000000000002,3438.32,-0.0004884913855148338,0.1589041095890411,0.26067891049584657,43.70000000000002,3685.0,0.027837021343876417,0.3636251456705753,1.0
704.0,10/21/2020,12747566,12/18/2020,P,3440.0,142.9,15,143.5,15,143.2,3437.755,-0.0006528293257704883,0.1589041095890411,0.2599061543656182,1.75,7358.0,0.002705862930570624,0.012295956778968995,1.0
706.0,10/21/2020,12765490,12/18/2020,C,3500.0,98.4,73,99.1,30,98.75,3437.42,-0.018041778500765167,0.1589041095890411,0.23141394192791193,0.15000000000000568,6428.0,0.00019193096303538049,0.00152014217264168,1.0
707.0,10/21/2020,12787656,12/18/2020,C,3440.0,132.5,30,133.2,51,132.85,3437.9399999999996,-0.0005990165839184211,0.1589041095890411,0.2448916268350522,34.099999999999994,22166.0,0.01347768490714027,0.29662926842459125,1.0
708.0,10/21/2020,12789105,12/18/2020,P,3440.0,143.1,15,143.8,15,143.45,3437.9399999999996,-0.0005990165839184211,0.1589041095890411,0.26052708574098055,10.599999999999994,1449.0,0.01563545890592835,0.07676587022155132,1.0
715.0,10/21/2020,12854157,12/18/2020,C,3500.0,98.8,103,99.5,186,99.15,3437.88,-0.017907966157831377,0.1589041095890411,0.23177858588090722,0.15000000000000568,15640.0,0.0001223781371287036,0.0015140048312150113,1.0
718.0,10/21/2020,12877923,12/18/2020,C,3500.0,99.4,30,99.9,53,99.65,3438.95,-0.017596776261139247,0.1589041095890411,0.23182861516932535,0.09999999999999432,767.0,0.0001438774634527351,0.001004016148598264,1.0
723.0,10/21/2020,12933645,12/18/2020,C,3500.0,100.3,15,101.0,88,100.65,3441.2799999999997,-0.016919473296246552,0.1589041095890411,0.23176444573762534,0.05000000000001137,6764.0,5.1139615010881156e-05,0.0004968944201617485,1.0
733.0,10/21/2020,12942495,12/18/2020,C,3500.0,100.3,15,100.9,144,100.6,3441.315,-0.016909302713784408,0.1589041095890411,0.23164345969828057,2.75,1355.0,0.0012470269327251593,0.027716563823553537,1.0
735.0,10/21/2020,12974957,12/18/2020,C,3500.0,100.2,90,100.8,65,100.5,3441.46,-0.016867168545510222,0.1589041095890411,0.23133985730998366,2.200000000000003,17072.0,0.0009116592622345487,0.022133700346009578,1.0
737.0,10/21/2020,12977437,12/18/2020,C,3500.0,100.7,15,101.3,30,101.0,3441.92,-0.016733513277114538,0.1589041095890411,0.23188354505409411,0.5,2156.0,0.000531360351517185,0.004962789342129097,1.0
739.0,10/21/2020,12986585,12/18/2020,C,3430.0,139.8,20,140.8,20,140.3,3440.375,0.0030202158940297627,0.1589041095890411,0.2473088830316886,41.900000000000006,9134.0,0.01646828008792589,0.3547421830502075,1.0
744.0,10/21/2020,12986609,12/18/2020,P,3430.0,137.2,15,139.1,15,138.14999999999998,3440.375,0.0030202158940297627,0.1589041095890411,0.2623909494915159,-2.150000000000034,24.0,0.01508206645982732,-0.01544293573898994,1.0
749.0,10/21/2020,13021407,12/18/2020,C,3500.0,99.5,30,100.1,155,99.8,3439.875,-0.017327834979575667,0.1589041095890411,0.23134854697543394,0.14999999999999147,13954.0,0.0001991803357341837,0.0015041366586144244,1.0
751.0,10/21/2020,13045049,12/18/2020,C,3500.0,99.8,73,100.5,165,100.15,3440.55,-0.017131626169170678,0.1589041095890411,0.23144132053665578,0.3500000000000085,23642.0,9.277356122183722e-05,0.0035008787944090557,1.0
754.0,10/21/2020,13083597,12/18/2020,C,3500.0,100.0,30,100.6,15,100.3,3440.7749999999996,-0.01706623178652493,0.1589041095890411,0.2315334993241576,0.5,28563.0,0.0003160311143698413,0.004997511650471616,1.0
760.0,10/21/2020,13197465,12/18/2020,C,3500.0,99.6,132,100.3,120,99.94999999999999,3440.225,-0.017226092272259932,0.1589041095890411,0.2313386792795443,-0.05000000000001137,29507.0,5.938204274177905e-05,-0.000500125041682465,1.0
764.0,10/21/2020,13223156,12/18/2020,C,3500.0,99.5,73,100.0,49,99.75,3439.52,-0.017431041729679467,0.1589041095890411,0.23154692458250634,0.25,3119.0,0.0005763286966572467,0.002509411605425707,1.0
770.0,10/21/2020,13345633,12/18/2020,C,3500.0,105.0,15,106.5,15,105.75,3452.755,-0.013590505399452552,0.1589041095890411,0.2315915883299264,4.849999999999994,35690.0,0.0030983560830626367,0.04694789056682393,1.0
771.0,10/21/2020,13361720,12/18/2020,C,3425.0,150.1,157,151.8,15,150.95,3454.04,0.008443088719153592,0.1589041095890411,0.24862298781023248,45.19999999999999,16087.0,0.017031399480306075,0.35587083822646043,1.0
776.0,10/21/2020,13395906,12/18/2020,C,3500.0,107.7,41,108.5,15,108.1,3457.865,-0.012111621903807244,0.1589041095890411,0.2315631149130502,0.09999999999999432,1093.0,0.00018251050579987105,0.0009254975209427494,1.0
780.0,10/21/2020,13442502,12/18/2020,C,3460.0,130.7,47,131.5,148,131.1,3456.8500000000004,-0.0009108192942647556,0.1589041095890411,0.2413131951528239,23.25,12670.0,0.009280170062599541,0.19521901793448873,1.0
781.0,10/21/2020,13444252,12/18/2020,C,3425.0,152.2,46,153.1,133,152.64999999999998,3456.78,0.009236048206905545,0.1589041095890411,0.24895160875027836,44.64999999999998,91.0,0.01664890903928659,0.34601649205666696,1.0
786.0,10/21/2020,13521407,12/18/2020,P,3430.0,131.2,37,132.2,37,131.7,3455.5,0.0074069033714634965,0.1589041095890411,0.26330259581975446,-20.94999999999999,77155.0,0.014350987069476101,-0.14762111043165138,1.0
790.0,10/21/2020,13528983,12/18/2020,P,3430.0,130.6,75,132.0,75,131.3,3455.715,0.007469121085734988,0.1589041095890411,0.26274691742391665,-17.349999999999994,7262.0,0.015122622025576432,-0.12410976813535612,1.0
792.0,10/21/2020,13699506,12/18/2020,C,3500.0,104.7,15,105.3,15,105.0,3446.26,-0.015473383438956885,0.1589041095890411,0.2356526656975798,-2.5,133316.0,0.003266819267599891,-0.02353049741019416,1.0
793.0,10/21/2020,13757008,12/18/2020,C,3445.0,136.1,36,137.0,179,136.55,3449.815,0.0013967019514661298,0.1589041095890411,0.24475067672595593,31.55000000000001,57502.0,0.009098011028376124,0.2627304977621907,1.0
796.0,10/21/2020,13797156,12/18/2020,P,3435.0,136.5,15,137.3,85,136.9,3449.045,0.004080455455351855,0.1589041095890411,0.2628494865002461,-4.950000000000017,212.0,0.016650332361032028,-0.03551942896045724,1.0
798.0,10/21/2020,13865046,12/18/2020,C,3455.0,129.2,144,129.7,15,129.45,3448.1850000000004,-0.0019744515651830955,0.1589041095890411,0.2420842855848008,25.5,2637.0,0.009559591007986368,0.21938469189352477,1.0
806.0,10/21/2020,13875874,12/18/2020,C,3455.0,129.4,60,130.3,108,129.85000000000002,3448.34,-0.0019295013909936662,0.1589041095890411,0.24266944859498535,25.850000000000023,3467.0,0.010653252100725402,0.22198903896738487,1.0
810.0,10/21/2020,14108664,12/18/2020,C,3500.0,99.6,30,100.6,15,100.1,3438.5550000000003,-0.017711643498730178,0.1589041095890411,0.23298316931370958,-3.0999999999999943,181682.0,0.0006258101388928183,-0.0304991667262874,1.0
817.0,10/21/2020,14226664,12/18/2020,P,3430.0,139.2,60,140.0,60,139.6,3438.88,0.002585575798980201,0.1589041095890411,0.26376575049996276,-0.5999999999999943,27.0,0.015184578390910086,-0.0042887842722175926,1.0
823.0,10/21/2020,14357773,12/18/2020,P,3400.0,128.4,75,129.1,51,128.75,3438.505,0.011261352277017954,0.1589041095890411,0.2708441999602611,-19.099999999999994,1144.0,0.011428246632678885,-0.13832570675464062,1.0
833.0,10/21/2020,14532804,12/18/2020,C,3430.0,139.9,70,140.7,75,140.3,3439.6949999999997,0.002822543485983097,0.1589041095890411,0.24797155182143016,15.000000000000014,163079.0,0.00492050599073629,0.11307212520639279,1.0
836.0,10/21/2020,14532806,12/18/2020,P,3430.0,138.8,100,139.6,71,139.2,3439.6949999999997,0.002822543485983097,0.1589041095890411,0.2637328707786981,-1.1000000000000227,2.0,0.015761318957267956,-0.0078712392080961,1.0
841.0,10/21/2020,14576464,12/18/2020,P,3430.0,138.7,60,139.4,86,139.05,3440.09,0.002937372655916321,0.1589041095890411,0.2637968958128696,-0.14999999999997726,43658.0,6.402503417146654e-05,-0.0010781672203452213,1.0
844.0,10/21/2020,14718630,12/18/2020,C,3445.0,130.5,50,131.2,37,130.85,3438.06,-0.0020165456502680783,0.1589041095890411,0.24546670039626206,2.75,27492.0,0.0009272570013110493,0.02124042007346622,1.0
845.0,10/21/2020,14721707,12/18/2020,C,3415.0,149.1,33,149.7,75,149.39999999999998,3437.7,0.006625150095621799,0.1589041095890411,0.25291547951243265,18.549999999999983,3077.0,0.00744877911617059,0.13257564372256195,1.0
849.0,10/21/2020,14728616,12/18/2020,C,3445.0,130.7,75,131.4,57,131.05,3438.245,-0.0019627376821676154,0.1589041095890411,0.24565952691104054,0.1500000000000341,2668.0,0.00011069633775651067,0.0011452568535613606,1.0
850.0,10/21/2020,14907036,12/18/2020,P,3450.0,147.1,15,147.8,57,147.45,3439.475,-0.0030553875840805566,0.1589041095890411,0.2595566761833596,16.399999999999977,178420.0,0.013897149272319054,0.1179102054918697,1.0
852.0,10/21/2020,14959365,12/18/2020,P,3400.0,128.3,131,129.0,46,128.65,3438.83,0.01135586563146164,0.1589041095890411,0.27092199057009675,-19.049999999999983,753.0,0.011487891296023844,-0.13808765080958085,1.0
858.0,10/21/2020,15017331,12/18/2020,C,3500.0,98.2,30,98.9,104,98.55000000000001,3434.9449999999997,-0.01876205459407575,0.1589041095890411,0.23305708036240763,-0.3499999999999943,11525.0,0.00028244224892726155,-0.0035452050299372025,1.0
870.0,10/21/2020,15318183,12/18/2020,P,3430.0,141.1,15,141.8,15,141.45,3436.3199999999997,0.0018408701559988266,0.1589041095890411,0.2649491712397616,2.549999999999983,1.0,0.016270149576422505,0.018192047987278054,1.0
879.0,10/21/2020,15665660,12/18/2020,P,3430.0,141.0,51,141.8,154,141.4,3436.145,0.00178994228658442,0.1589041095890411,0.26470589104733927,-7.099999999999994,58441.0,0.005079080062707908,-0.048992204780281864,1.0
881.0,10/21/2020,15682893,12/18/2020,P,3430.0,141.0,81,141.9,50,141.45,3435.55,0.0016167681275197586,0.1589041095890411,0.2642818188171205,2.3499999999999943,16625.0,0.015066781468940194,0.016753198818178983,1.0
883.0,10/21/2020,15753578,12/18/2020,P,3430.0,139.3,15,140.6,15,139.95,3438.645,0.0025172372614708275,0.1589041095890411,0.26420536184945526,0.9499999999999886,70419.0,0.01471001351597434,0.0068112828307706355,1.0
887.0,10/21/2020,15778453,12/18/2020,P,3430.0,140.3,47,141.1,15,140.7,3437.3500000000004,0.002140564499111038,0.1589041095890411,0.26446416153760854,1.299999999999983,7.0,0.015865093934040564,0.009282465793919819,1.0
894.0,10/21/2020,15843048,12/18/2020,P,3375.0,120.4,15,121.1,15,120.75,3437.31,0.018293864413330266,0.1589041095890411,0.27678395133067096,-21.600000000000023,8087.0,0.027155721449508397,-0.16456652119136467,1.0
896.0,10/21/2020,15975427,12/18/2020,C,3400.0,159.4,80,160.3,15,159.85000000000002,3440.835,0.011938742866549671,0.1589041095890411,0.25468733583849157,-0.44999999999998863,6663.0,0.0002492685975495901,-0.0028111841096567975,1.0
898.0,10/21/2020,16026283,12/18/2020,C,3405.0,156.6,20,157.5,20,157.05,3441.535,0.01067265318711083,0.1589041095890411,0.2536251985147605,0.75,23194.0,0.00015161292113724523,0.004786988557224649,1.0
899.0,10/21/2020,16049884,12/18/2020,C,3395.0,162.8,73,163.7,75,163.25,3441.24,0.01352811053898472,0.1589041095890411,0.2556544702066243,6.199999999999989,23601.0,0.0020292716918637876,0.03871854217188486,1.0
901.0,10/21/2020,16088760,12/18/2020,P,3430.0,138.0,15,139.1,34,138.55,3440.27,0.0029896954995002993,0.1589041095890411,0.2630344115239962,-23.599999999999966,17380.0,0.007712697596367779,-0.15729056144433937,1.0
910.0,10/21/2020,16088791,12/18/2020,C,3430.0,140.2,15,141.0,15,140.6,3440.27,0.0029896954995002993,0.1589041095890411,0.24796135166830888,0.04999999999998295,30.0,9.16807119861196e-05,0.0003556820240236307,1.0
911.0,10/21/2020,16255589,12/18/2020,P,3430.0,138.8,67,139.6,50,139.2,3439.365,0.0027266001448135826,0.1589041095890411,0.2634493164926742,-0.8000000000000114,739.0,0.01570662707434961,-0.005730674708985095,1.0
924.0,10/21/2020,16568579,12/18/2020,P,3430.0,137.6,124,138.4,154,138.0,3440.9399999999996,0.003184428693841758,0.1589041095890411,0.2626000795795389,9.300000000000011,15433.0,0.01953632439356795,0.06976957055512381,1.0
931.0,10/21/2020,16593429,12/18/2020,C,3425.0,144.7,65,145.8,133,145.25,3443.7650000000003,0.005463877912291384,0.1589041095890411,0.2484890869776551,4.349999999999994,24844.0,0.0006313944110475367,0.030405976827386,1.0
928.0,10/21/2020,16593438,12/18/2020,P,3425.0,134.3,128,135.1,75,134.7,3443.7650000000003,0.005463877912291384,0.1589041095890411,0.26357152079334173,-10.550000000000011,9.0,0.015082433815686636,-0.07540631231570244,1.0
936.0,10/21/2020,16604908,12/18/2020,P,3430.0,136.3,82,137.2,75,136.75,3443.6099999999997,0.003960078557337013,0.1589041095890411,0.2625872699725611,-5.150000000000006,122.0,0.015510627482660883,-0.03696814286390639,1.0
947.0,10/21/2020,16692794,12/18/2020,P,3425.0,134.5,75,135.3,188,134.9,3443.245,0.005312868983601258,0.1589041095890411,0.26350083376016104,-10.049999999999983,54.0,0.015045674470620829,-0.07185509215395423,1.0
952.0,10/21/2020,16702906,12/18/2020,P,3430.0,136.2,60,136.9,157,136.55,3443.83,0.0040239629614334076,0.1589041095890411,0.26240772001332235,-5.549999999999983,441.0,0.015180503163784637,-0.03984018718334086,1.0
957.0,10/21/2020,16801549,12/18/2020,P,3430.0,135.5,124,136.2,60,135.85,3444.8450000000003,0.004318649532463737,0.1589041095890411,0.26198645720885416,-6.650000000000006,774.0,0.01502422663208533,-0.04779066383634855,1.0
958.0,10/21/2020,16882463,12/18/2020,P,3430.0,135.8,179,136.6,100,136.2,3444.3999999999996,0.004189462662024485,0.1589041095890411,0.2622504281368319,0.3499999999999943,80914.0,0.00026397092797775246,0.0025730578430551987,1.0
963.0,10/21/2020,16882873,12/18/2020,P,3430.0,135.8,179,136.6,60,136.2,3444.3999999999996,0.004189462662024485,0.1589041095890411,0.2622504281368319,-6.0,390.0,0.015400237868752442,-0.04311012365372855,1.0
967.0,10/21/2020,17067497,12/18/2020,C,3435.0,137.9,100,138.7,15,138.3,3443.075,0.0023480417733134406,0.1589041095890411,0.2455209945957051,37.05000000000001,4840.0,0.014268400185025981,0.3118325326840641,1.0
966.0,10/21/2020,17067520,12/18/2020,P,3435.0,138.3,139,139.0,82,138.65,3443.075,0.0023480417733134406,0.1589041095890411,0.26094959839035425,0.3499999999999943,23.0,0.015428603794649165,0.002527533391074547,1.0
972.0,10/21/2020,17128618,12/18/2020,P,3450.0,143.6,60,144.3,75,143.95,3444.345,-0.001640475278857962,0.1589041095890411,0.2575080725579707,13.799999999999983,5916.0,0.01525275813748983,0.10077838561761045,1.0
964.0,10/21/2020,17189389,12/18/2020,P,3430.0,135.5,124,136.2,60,135.85,3444.635,0.004257687021486085,0.1589041095890411,0.26180825710667877,-8.099999999999994,60771.0,0.004300184548708064,-0.05791468118582809,1.0
976.0,10/21/2020,17205698,12/18/2020,P,3430.0,135.9,66,136.6,120,136.25,3444.1899999999996,0.004128492274741988,0.1589041095890411,0.2621637092041842,-5.75,599.0,0.01547365593689573,-0.04133562405790728,1.0
980.0,10/21/2020,17229746,12/18/2020,P,3450.0,143.7,85,144.5,205,144.1,3443.995,-0.001742096279070208,0.1589041095890411,0.25747128769037597,42.54999999999998,79.0,0.02628532167365294,0.3499562149790825,1.0
983.0,10/21/2020,17231506,12/18/2020,P,3450.0,143.7,15,144.4,161,144.05,3443.9449999999997,-0.0017566144078578877,0.1589041095890411,0.2573355173021581,14.300000000000011,1135.0,0.015108725630544911,0.10455093948453946,1.0
984.0,10/21/2020,17237558,12/18/2020,P,3450.0,143.6,15,144.4,244,144.0,3444.0550000000003,-0.0017246748027446846,0.1589041095890411,0.25734190064239454,14.150000000000006,399.0,0.014988569852335737,0.10343336146724318,1.0
987.0,10/21/2020,17239458,12/18/2020,P,3450.0,143.7,49,144.4,84,144.05,3443.9750000000004,-0.0017479035052919987,0.1589041095890411,0.2573621731248889,0.05000000000001137,1900.0,2.027248249436564e-05,0.0003471619545369235,1.0
989.0,10/21/2020,17243603,12/18/2020,P,3450.0,143.7,49,144.4,70,144.05,3443.8450000000003,-0.0017856512977766277,0.1589041095890411,0.2572466489637787,14.300000000000011,3947.0,0.015001150395130336,0.10455093948453946,1.0
991.0,10/21/2020,17257030,12/18/2020,C,3450.0,129.0,76,129.6,20,129.3,3443.29,-0.0019468213637624217,0.1589041095890411,0.24206365669334723,0.15000000000000568,1936.0,0.0002646994235607769,0.0011607662359622872,1.0
992.0,10/21/2020,17260618,12/18/2020,P,3450.0,143.9,46,144.3,1,144.10000000000002,3443.375,-0.0019221359754055202,0.1589041095890411,0.25692000157467426,14.800000000000011,3588.0,0.014856344881327033,0.10837221722766462,1.0
994.0,10/21/2020,17272454,12/18/2020,P,3450.0,143.3,70,143.7,1,143.5,3444.41,-0.0016216039443418494,0.1589041095890411,0.2567437245116879,13.899999999999977,6133.0,0.014557161989791484,0.10188225128150136,1.0
996.0,10/21/2020,17278461,12/18/2020,P,3450.0,143.4,70,144.1,104,143.75,3444.285,-0.0016578952883522285,0.1589041095890411,0.25708944990849947,0.25,6007.0,0.000345725396811547,0.0017406444777841182,1.0
997.0,10/21/2020,17333000,12/18/2020,P,3430.0,135.9,154,136.6,70,136.25,3443.385,0.0038947380132886285,0.1589041095890411,0.2614790306672344,6.400000000000006,53848.0,0.019340914941395337,0.048111495434595974,1.0
1002.0,10/21/2020,17423960,12/18/2020,P,3450.0,143.0,95,143.7,40,143.35,3444.8500000000004,-0.0014938688898952382,0.1589041095890411,0.2568600614149712,42.099999999999994,45065.0,0.02604480041762028,0.3476964863427303,1.0
1003.0,10/21/2020,17485036,12/18/2020,C,3430.0,141.7,65,142.5,235,142.1,3444.83,0.004314295190640464,0.1589041095890411,0.24624367868365388,12.0,61076.0,0.0041780638007827,0.08822764958459546,1.0
1004.0,10/21/2020,17485047,12/18/2020,P,3430.0,135.3,139,136.0,75,135.65,3444.83,0.004314295190640464,0.1589041095890411,0.26160705459866235,-6.449999999999989,11.0,0.01536337591500847,-0.0464529959981141,1.0
1008.0,10/21/2020,17558277,12/18/2020,P,3435.0,136.5,55,137.3,181,136.9,3446.015,0.003201565294847638,0.1589041095890411,0.26026810196122635,-5.699999999999989,9253.0,0.014473495061482877,-0.04079277568579225,1.0
1013.0,10/21/2020,17593100,12/18/2020,P,3450.0,142.7,56,143.5,165,143.1,3445.52,-0.0012993945722282942,0.1589041095890411,0.256996973838941,13.099999999999994,38.0,0.015742201876798423,0.09600923610682276,1.0
1019.0,10/21/2020,17593201,12/18/2020,P,3450.0,142.7,56,143.4,75,143.05,3445.52,-0.0012993945722282942,0.1589041095890411,0.2569056550939925,13.100000000000023,12.0,0.015742188643599164,0.09604445840862014,1.0
1022.0,10/21/2020,17610792,12/18/2020,P,3430.0,134.8,51,135.6,194,135.2,3445.4049999999997,0.004481198061539406,0.1589041095890411,0.2612695294665173,5.25,11378.0,0.020002869905021953,0.03960540252136447,1.0
1024.0,10/21/2020,17663649,12/18/2020,P,3450.0,142.0,15,143.1,30,142.55,3446.105,-0.0011296232914621163,0.1589041095890411,0.2565099582125411,40.750000000000014,8778.0,0.02621647593137172,0.3366827112422587,1.0
1026.0,10/21/2020,17663741,12/18/2020,P,3450.0,142.2,15,143.1,50,142.64999999999998,3446.105,-0.0011296232914621163,0.1589041095890411,0.2566925759890167,12.399999999999977,92.0,0.015530511577347084,0.09093839702603257,1.0
1028.0,10/21/2020,17726546,12/18/2020,P,3435.0,136.2,60,136.9,124,136.55,3446.465,0.003332142387748609,0.1589041095890411,0.2600118615112986,6.300000000000011,62805.0,0.01884979709962903,0.047235167286237896,1.0
1032.0,10/21/2020,17788522,12/18/2020,P,3435.0,136.3,60,137.0,94,136.65,3445.9049999999997,0.0031696438564067443,0.1589041095890411,0.25971626815009985,-2.799999999999983,60572.0,0.015381005306474543,-0.020283201699420817,1.0
1036.0,10/21/2020,18193467,12/18/2020,P,3435.0,137.8,75,138.5,60,138.15,3443.2,0.002384345870960913,0.1589041095890411,0.2601415496140775,-0.15000000000000568,44.0,0.014741672964227903,-0.0010851873012870748,1.0
1051.0,10/21/2020,18443966,12/18/2020,P,3435.0,137.2,62,137.9,60,137.55,3444.325,0.002711023453983654,0.1589041095890411,0.2600101349329789,-3.6999999999999886,25453.0,0.013712922864903138,-0.026543882655966647,1.0
1055.0,10/21/2020,18517406,12/18/2020,P,3435.0,137.4,32,137.9,60,137.65,3443.72,0.0025353567730731974,0.1589041095890411,0.2596733571242399,-1.049999999999983,72540.0,0.01463256015044001,-0.007599095732169444,1.0
1043.0,10/21/2020,18979514,12/18/2020,C,3430.0,141.8,100,142.6,100,142.2,3445.75,0.004581326414562738,0.1589041095890411,0.24552027833174245,-0.35000000000002274,127225.0,5.441223588789623e-05,-0.002458297989540692,1.0
1044.0,10/21/2020,18981070,12/18/2020,P,3430.0,134.5,173,135.2,60,134.85,3445.625,0.004545049183962475,0.1589041095890411,0.26081419890330004,-7.349999999999994,1556.0,0.015293920571557595,-0.05307146778340151,1.0
1074.0,10/21/2020,19282021,12/18/2020,P,3405.0,125.5,92,126.1,45,125.8,3443.98,0.01138283974621767,0.1589041095890411,0.26537652492637115,-15.000000000000014,9803.0,0.021279901431478454,-0.11264709945760204,1.0
1075.0,10/21/2020,19310844,12/18/2020,P,3405.0,125.3,15,126.0,90,125.65,3443.785,0.011326217605348476,0.1589041095890411,0.26494173761692463,-9.349999999999994,24182.0,0.005363093399355479,-0.07177451444882825,1.0
1093.0,10/21/2020,19420611,12/18/2020,P,3435.0,135.4,60,136.2,60,135.8,3445.545,0.0030651665692387215,0.1589041095890411,0.2578517971229222,-2.299999999999983,92.0,0.01530558300732035,-0.016794845290650565,1.0
1110.0,10/21/2020,19481006,12/18/2020,P,3435.0,135.1,60,136.0,75,135.55,3446.415,0.0033176346638361057,0.1589041095890411,0.2581381905904357,-2.8000000000000114,4.0,0.01577289166116877,-0.020446130288260485,1.0
1123.0,10/21/2020,19549337,12/18/2020,P,3435.0,135.6,62,136.4,15,136.0,3445.2650000000003,0.0029838989098042662,0.1589041095890411,0.2579781736559803,-2.0500000000000114,364.0,0.015197231714169479,-0.014961052640111527,1.0
1124.0,10/21/2020,19549467,12/18/2020,P,3435.0,135.7,139,136.4,15,136.05,3445.2650000000003,0.0029838989098042662,0.1589041095890411,0.258069727114635,0.05000000000001137,130.0,9.155345865469178e-05,0.0003675794932034021,1.0
1128.0,10/21/2020,19905456,12/18/2020,C,3495.0,103.0,18,104.2,15,103.6,3446.185,-0.014065553588661581,0.1589041095890411,0.229301731270838,2.299999999999997,137522.0,0.0008682994486104434,0.02245091857074487,1.0
1129.0,10/21/2020,19935156,12/18/2020,C,3490.0,106.1,51,106.9,24,106.5,3446.7749999999996,-0.01246272496149371,0.1589041095890411,0.23022987584353916,2.9000000000000057,29700.0,0.0009281445727011561,0.027607655324097227,1.0
1132.0,10/21/2020,20427859,12/18/2020,P,3450.0,139.8,75,140.6,164,140.2,3447.98,-0.0005856787226816413,0.1589041095890411,0.25387299069248964,-15.600000000000023,207191.0,0.009349847069490741,-0.10550315883615832,1.0
1142.0,10/21/2020,20683600,12/18/2020,C,3450.0,129.2,102,130.0,90,129.6,3447.6099999999997,-0.0006929936878566158,0.1589041095890411,0.23855963954394332,28.900000000000006,32744.0,0.011361772231589296,0.2523069841936577,1.0
1146.0,10/21/2020,20695072,12/18/2020,P,3420.0,128.4,60,129.1,60,128.75,3447.6000000000004,0.008037785716593412,0.1589041095890411,0.26038208892632436,-0.8499999999999943,11472.0,0.021822449382381037,-0.006580244374328794,1.0
1143.0,10/21/2020,20695073,12/18/2020,P,3395.0,119.6,75,120.3,60,119.94999999999999,3447.6000000000004,0.015374575780447753,0.1589041095890411,0.2661375809382315,-8.800000000000011,1.0,0.005755492011907115,-0.07079755025814205,1.0
1148.0,10/21/2020,20717668,12/18/2020,C,3440.0,135.6,60,136.4,60,136.0,3448.185,0.0023765342691430607,0.1589041095890411,0.24085236434376092,34.8,16255.0,0.013366115687607205,0.29555612888268684,1.0
1155.0,10/21/2020,20717969,12/18/2020,P,3440.0,135.6,60,136.3,170,135.95,3448.185,0.0023765342691430607,0.1589041095890411,0.2557275602007035,-0.05000000000001137,301.0,0.014875195856942552,-0.00036771465757239844,1.0
1161.0,10/21/2020,20786618,12/18/2020,P,3440.0,135.4,52,136.1,135,135.75,3448.61,0.0024997799218085905,0.1589041095890411,0.25572722123369673,-0.30000000000001137,58184.0,0.014812453288175403,-0.002207506415210569,1.0
1163.0,10/21/2020,20889528,12/18/2020,C,3435.0,140.3,60,141.0,15,140.65,3451.49,0.004789096191850388,0.1589041095890411,0.2415964425349601,4.5,101911.0,0.0008810863551568793,0.0325173158160972,1.0
1162.0,10/21/2020,20889672,12/18/2020,P,3435.0,132.0,60,132.7,80,132.35,3451.49,0.004789096191850388,0.1589041095890411,0.25658916788852265,-8.300000000000011,144.0,0.014992725353562553,-0.06082460626275567,1.0
1164.0,10/21/2020,20939779,12/18/2020,C,3375.0,180.2,15,187.2,15,183.7,3454.7200000000003,0.023346087642900235,0.1589041095890411,0.2583819111654115,16.799999999999983,35.0,0.005422299738432279,0.09590916155329055,1.0
1169.0,10/21/2020,20943731,12/18/2020,P,3435.0,130.4,75,131.1,63,130.75,3455.0150000000003,0.005809873069904826,0.1589041095890411,0.2566220721988293,-11.650000000000006,82.0,0.015313685356050377,-0.08535289603284313,1.0
1173.0,10/21/2020,20968243,12/18/2020,P,3435.0,130.9,15,131.6,140,131.25,3454.5649999999996,0.005679619132433476,0.1589041095890411,0.25716069192347757,0.5,24512.0,0.0005386197246482483,0.003816798526700811,1.0
1184.0,10/21/2020,20990747,12/18/2020,P,3440.0,133.3,56,134.0,100,133.65,3453.145,0.0038139386112049363,0.1589041095890411,0.255762726973291,-4.5,362.0,0.015803554078171994,-0.03311560878449755,1.0
1193.0,10/21/2020,21227576,12/18/2020,P,3450.0,136.4,15,137.1,180,136.75,3454.275,0.0012383633462819538,0.1589041095890411,0.2530747911216446,10.25,193149.0,0.017286954617954348,0.07791213313451564,1.0
1198.0,10/21/2020,21375170,12/18/2020,C,3450.0,132.3,149,133.1,144,132.7,3454.29,0.0012427057820842337,0.1589041095890411,0.23787689977997006,5.75,123014.0,0.0019170333622118563,0.04429763318747449,1.0
1197.0,10/21/2020,21375428,12/18/2020,P,3450.0,136.4,56,137.1,138,136.75,3454.29,0.0012427057820842337,0.1589041095890411,0.25308778660238546,4.050000000000011,258.0,0.015210886822415393,0.030063499963928795,1.0
1209.0,10/21/2020,21385519,12/18/2020,P,3440.0,132.1,85,132.9,90,132.5,3454.88,0.004316252959077493,0.1589041095890411,0.25513152060902117,-6.75,8.0,0.014861476339610796,-0.04968823338111653,1.0
1211.0,10/21/2020,21386421,12/18/2020,P,3450.0,136.0,15,136.7,15,136.35,3454.8599999999997,0.001407704371286341,0.1589041095890411,0.25285169128025264,-2.9000000000000057,764.0,0.012581647010842273,-0.02104576951579589,1.0
1213.0,10/21/2020,21400420,12/18/2020,P,3440.0,132.4,48,133.0,57,132.7,3454.52,0.004212047094508729,0.1589041095890411,0.2551924045116183,-0.45000000000001705,11791.0,0.017040048168286193,-0.0033853709217794904,1.0
1218.0,10/21/2020,21483827,12/18/2020,C,3500.0,103.0,38,103.7,15,103.35,3453.15,-0.01347611054448981,0.1589041095890411,0.22686592136496306,-0.75,40580.0,1.981013084373373e-05,-0.007230689493145947,1.0
1219.0,10/21/2020,21498156,12/18/2020,P,3445.0,134.6,15,135.3,182,134.95,3453.91,0.0025830181735799532,0.1589041095890411,0.2541528253405379,31.599999999999994,14329.0,0.027286903975574844,0.2667830533362363,1.0
1223.0,10/21/2020,21607595,12/18/2020,C,3500.0,103.1,15,103.8,176,103.44999999999999,3453.045,-0.013506518026470377,0.1589041095890411,0.227137177507104,-0.2500000000000142,103869.0,0.0003324264654885889,-0.0024137110439297086,1.0
1226.0,10/21/2020,21790020,12/18/2020,C,3440.0,138.3,75,139.1,125,138.7,3454.08,0.004084669622779138,0.1589041095890411,0.2400492979189818,34.79999999999998,67168.0,0.013131058317714217,0.2888844292156041,1.0
1227.0,10/21/2020,21790118,12/18/2020,P,3440.0,132.6,75,133.3,100,132.95,3454.08,0.004084669622779138,0.1589041095890411,0.25527661196118984,-5.75,98.0,0.015227314042208034,-0.042340209631757116,1.0
1231.0,10/21/2020,21816208,12/18/2020,P,3450.0,136.4,46,137.1,216,136.75,3454.16,0.001205070711984497,0.1589041095890411,0.25297514215343586,4.050000000000011,339.0,0.014973996926510025,0.030063499963928795,1.0
1232.0,10/21/2020,21828006,12/18/2020,P,3445.0,133.9,53,134.6,100,134.25,3455.08,0.0029217073339882515,0.1589041095890411,0.2538766138943029,-2.5,11798.0,0.0009014717408670214,-0.018450707913116485,1.0
1240.0,10/21/2020,21829128,12/18/2020,P,3445.0,133.9,50,134.7,35,134.3,3455.08,0.0029217073339882515,0.1589041095890411,0.2539679002414362,0.05000000000001137,1122.0,9.128634713329031e-05,0.00037237014021798773,1.0
1243.0,10/21/2020,21868214,12/18/2020,P,3445.0,133.6,20,134.2,60,133.89999999999998,3455.885,0.003154670459583918,0.1589041095890411,0.25392524227813645,-2.400000000000034,39085.0,0.014708522665350915,-0.017765086005360347,1.0
1251.0,10/21/2020,21918360,12/18/2020,C,3460.0,126.7,75,127.4,15,127.05000000000001,3455.315,-0.0013549637917510517,0.1589041095890411,0.23537673682147842,22.80000000000001,20535.0,0.00889725570790309,0.19778884908726227,1.0
1252.0,10/21/2020,21926093,12/18/2020,C,3430.0,145.5,3,145.9,104,145.7,3455.3500000000004,0.007363493371239638,0.1589041095890411,0.24236535202597456,18.649999999999977,7733.0,0.006988615204496146,0.1369690034349858,1.0
1256.0,10/21/2020,21984387,12/18/2020,C,3460.0,127.1,129,127.9,74,127.5,3456.17,-0.0011075495227881608,0.1589041095890411,0.23539671901624565,0.15000000000000568,1781.0,7.662100090724544e-05,0.0011771631730148311,1.0
1258.0,10/21/2020,22024155,12/18/2020,C,3440.0,139.4,90,140.2,85,139.8,3456.475,0.004777812241827604,0.1589041095890411,0.23970687154773293,12.100000000000023,36630.0,0.004339262053885989,0.09052906676121636,1.0
1259.0,10/21/2020,22024168,12/18/2020,P,3440.0,131.3,145,132.1,199,131.7,3456.475,0.004777812241827604,0.1589041095890411,0.2550159678944966,-8.100000000000023,13.0,0.015309096346763668,-0.059686221050474705,1.0
1266.0,10/21/2020,22049526,12/18/2020,P,3445.0,133.4,100,134.3,70,133.85000000000002,3455.975,0.0031807126537269606,0.1589041095890411,0.2539107513045827,-2.6499999999999773,26.0,0.015197715858299932,-0.019604844658652726,1.0
1278.0,10/21/2020,22238460,12/18/2020,P,3445.0,133.5,15,134.2,20,133.85,3456.33,0.003283428028789787,0.1589041095890411,0.25421347842856573,-2.799999999999983,50.0,0.01557170106924255,-0.020703142407715345,1.0
1282.0,10/21/2020,22419576,12/18/2020,P,3455.0,138.0,53,138.7,100,138.35,3454.84,-4.631076841962141e-05,0.1589041095890411,0.2517645174409742,5.599999999999994,17381.0,0.014241130898554916,0.04131904611088665,1.0
1283.0,10/21/2020,22426901,12/18/2020,P,3375.0,109.6,146,110.2,75,109.9,3455.38,0.02353711237539522,0.1589041095890411,0.27006072969232076,-28.44999999999999,7325.0,0.018296212251346533,-0.23021584482335916,1.0
1284.0,10/21/2020,22439800,12/18/2020,P,3445.0,133.5,145,134.2,75,133.85,3455.985,0.003183606188990565,0.1589041095890411,0.2539192825580357,-2.700000000000017,3.0,0.015124690003738978,-0.01997107795335261,1.0
1290.0,10/21/2020,22576521,12/18/2020,P,3445.0,133.8,77,134.4,100,134.10000000000002,3455.3500000000004,0.0029998500834663463,0.1589041095890411,0.2538335409113082,0.6500000000000341,118299.0,9.041827832179106e-05,0.004858914437099889,1.0
1297.0,10/21/2020,22844691,12/18/2020,C,3430.0,146.5,60,147.2,34,146.85,3457.755,0.008059273370826861,0.1589041095890411,0.24204415797760212,21.599999999999994,22990.0,0.007831092674327661,0.1590999176796548,1.0
1298.0,10/21/2020,22846710,12/18/2020,C,3430.0,146.4,65,147.2,50,146.8,3457.58,0.008008661216813477,0.1589041095890411,0.2421297409448864,-0.04999999999998295,2019.0,8.558296728428116e-05,-0.0003405414642137738,1.0
1302.0,10/21/2020,23034549,12/18/2020,P,3450.0,135.2,15,135.8,75,135.5,3457.085,0.0020515173868283255,0.1589041095890411,0.2532210888628563,29.900000000000006,20909.0,0.026047515327856346,0.24931326904759454,1.0
1303.0,10/21/2020,23038122,12/18/2020,P,3450.0,135.2,90,135.9,87,135.55,3457.04,0.0020385005553417105,0.1589041095890411,0.25327354820785564,0.05000000000001137,3573.0,5.24593449993116e-05,0.0003689356249190476,1.0
1314.0,10/21/2020,23038489,12/18/2020,C,3450.0,133.9,59,134.6,75,134.25,3457.04,0.0020385005553417105,0.1589041095890411,0.23806661456651088,0.05000000000001137,358.0,9.116320329249916e-05,0.00037250885139272663,1.0
1317.0,10/21/2020,23105415,12/18/2020,C,3475.0,118.4,75,119.1,75,118.75,3455.8,-0.00554050011987102,0.1589041095890411,0.2325660286410085,5.75,199.0,0.002247640335065748,0.04963262420241005,1.0
1321.0,10/21/2020,23123051,12/18/2020,C,3445.0,135.2,75,135.9,60,135.55,3453.075,0.0023412339496189658,0.1589041095890411,0.23978755941394087,16.80000000000001,17636.0,0.007221530772932361,0.13232013302992404,1.0
1319.0,10/21/2020,23123052,12/18/2020,P,3445.0,134.9,15,135.5,123,135.2,3453.075,0.0023412339496189658,0.1589041095890411,0.2538925247847788,-0.35000000000002274,1.0,0.01410496537083794,-0.0025854123358109472,1.0
1322.0,10/21/2020,23163005,12/18/2020,C,3375.0,180.0,65,180.9,57,180.45,3452.4849999999997,0.022698937289608978,0.1589041095890411,0.2548081866889503,45.25,39953.0,0.000915661904171472,0.2886985674799339,1.0
1326.0,10/21/2020,23203108,12/18/2020,P,3450.0,137.3,15,138.0,15,137.65,3452.95,0.000854707097570549,0.1589041095890411,0.2535666609795645,34.400000000000006,1654.0,0.026606817067510002,0.2875609997474742,1.0
1328.0,10/21/2020,23203156,12/18/2020,C,3450.0,131.8,35,132.5,20,132.15,3452.95,0.000854707097570549,0.1589041095890411,0.23815276131347934,28.700000000000017,43.0,0.010935818897290034,0.24484923685874638,1.0
1332.0,10/21/2020,23203414,12/18/2020,P,3450.0,137.3,56,138.0,75,137.65,3452.95,0.000854707097570549,0.1589041095890411,0.2535666609795645,34.25,3.0,0.02644126863115598,0.2861092695142876,1.0
1338.0,10/21/2020,23285860,12/18/2020,P,3450.0,137.1,150,137.8,74,137.45,3453.315,0.0009604082255579528,0.1589041095890411,0.2535189374762189,5.349999999999994,33800.0,0.015323967412921025,0.03970100308297503,1.0
1341.0,10/21/2020,23397970,12/18/2020,P,3445.0,136.5,58,137.2,60,136.85,3450.3599999999997,0.001554668959877562,0.1589041095890411,0.2545648294318958,4.599999999999994,109881.0,0.016596755801057822,0.03419136474827934,1.0
1343.0,10/21/2020,23398224,12/18/2020,P,3445.0,136.5,43,137.2,45,136.85,3450.315,0.0015416267574842903,0.1589041095890411,0.2545258966732342,2.9000000000000057,253.0,0.015046449613239615,0.021418839496070312,1.0
1348.0,10/21/2020,23557036,12/18/2020,P,3445.0,137.1,48,137.8,100,137.45,3449.6099999999997,0.0013372767094899285,0.1589041095890411,0.2550113040757634,6.5,119178.0,0.016567283359256862,0.04844464365753372,1.0
1355.0,10/21/2020,23592715,12/18/2020,P,3445.0,136.5,15,137.2,15,136.85,3450.505,0.0015966926772006244,0.1589041095890411,0.25469024852179944,3.299999999999983,35577.0,0.015222122377764297,0.024409495930717992,1.0
1362.0,10/21/2020,23649384,12/18/2020,P,3445.0,136.2,15,136.9,100,136.55,3451.3500000000004,0.0018415543858925833,0.1589041095890411,0.25487232136789983,2.1000000000000227,48.0,0.015430963019339022,0.015498465204840418,1.0
1364.0,10/21/2020,23661823,12/18/2020,P,3450.0,138.2,15,139.1,75,138.64999999999998,3450.83,0.00024055077548718485,0.1589041095890411,0.25354348963629725,7.349999999999966,177.0,0.014925475912021785,0.054467990753036315,1.0
1368.0,10/21/2020,23729726,12/18/2020,C,3455.0,127.7,50,128.4,85,128.05,3450.475,-0.0013105544941255408,0.1589041095890411,0.23739156957549679,0.15000000000000568,5897.0,1.6184236610289338e-05,0.0011721040607372475,1.0
1370.0,10/21/2020,23741117,12/18/2020,P,3445.0,136.4,51,137.1,137,136.75,3450.37,0.0015575672039764648,0.1589041095890411,0.2543908368081667,8.699999999999989,11364.0,0.016999267232669923,0.06573362865655634,1.0
1375.0,10/21/2020,23743163,12/18/2020,P,3445.0,136.4,51,137.1,122,136.75,3450.3599999999997,0.001554668959877562,0.1589041095890411,0.2543821855312622,2.8000000000000114,256.0,0.014912335639064522,0.020687845311472927,1.0
1392.0,10/21/2020,24118906,12/18/2020,P,3440.0,134.8,20,135.4,15,135.10000000000002,3449.88,0.0028679764443367284,0.1589041095890411,0.25562825844746173,-1.3999999999999773,213.0,0.015504234295828062,-0.010309369658861102,1.0
1397.0,10/21/2020,24154561,12/18/2020,P,3445.0,135.8,15,136.5,153,136.15,3451.315,0.0018314133751377568,0.1589041095890411,0.2541116086935099,1.8000000000000114,6.0,0.014819192328554526,0.013308884058268536,1.0
1403.0,10/21/2020,24241399,12/18/2020,C,3440.0,137.5,30,138.3,15,137.9,3452.4849999999997,0.0036227902287950804,0.1589041095890411,0.24014709488422975,35.05000000000001,28652.0,0.01311512901235004,0.29325716870029006,1.0
1402.0,10/21/2020,24241406,12/18/2020,P,3440.0,133.3,78,134.1,130,133.7,3452.4849999999997,0.0036227902287950804,0.1589041095890411,0.2552928813338665,-4.200000000000017,7.0,0.015145786449636767,-0.030930300691358728,1.0
1415.0,10/21/2020,24367541,12/18/2020,P,3440.0,133.1,80,133.8,15,133.45,3452.63,0.0036647880811181066,0.1589041095890411,0.25495922883197863,-24.94999999999999,103388.0,0.013462888187505018,-0.17139660352979225,1.0
1422.0,10/21/2020,24368095,12/18/2020,P,3440.0,133.2,20,133.9,35,133.55,3452.625,0.0036633399086755123,0.1589041095890411,0.255137789706015,-4.399999999999977,464.0,0.0150409008872254,-0.0324153611073251,1.0
1425.0,10/21/2020,24506236,12/18/2020,P,3445.0,133.8,108,134.5,60,134.15,3454.86,0.0028580309489330573,0.1589041095890411,0.25350587742326436,-1.6999999999999886,111810.0,0.014359760332746413,-0.012592759000723486,1.0
1427.0,10/21/2020,24506396,12/18/2020,P,3445.0,133.8,123,134.5,60,134.15,3454.86,0.0028580309489330573,0.1589041095890411,0.25350587742326436,-1.75,149.0,0.014806093160343536,-0.012960744285464874,1.0
1429.0,10/21/2020,24519498,12/18/2020,P,3445.0,133.5,127,134.2,60,133.85,3455.51,0.0030461540167042067,0.1589041095890411,0.2535138086624294,-2.0999999999999943,12601.0,0.014698514677225882,-0.015567401112118219,1.0
1438.0,10/21/2020,24573499,12/18/2020,C,3440.0,138.1,15,138.8,60,138.45,3453.795,0.004002155101262456,0.1589041095890411,0.2398714909884029,2.1499999999999773,53411.0,0.0010719628177023877,0.01565091091448371,1.0
1435.0,10/21/2020,24574034,12/18/2020,P,3440.0,132.4,70,133.1,100,132.75,3453.795,0.004002155101262456,0.1589041095890411,0.2546693070764062,-5.699999999999989,535.0,0.014797816088003318,-0.04204158949492257,1.0
1447.0,10/21/2020,24654704,12/18/2020,C,3460.0,125.7,15,126.4,15,126.05000000000001,3453.4049999999997,-0.001907888225991129,0.1589041095890411,0.23533574481285022,23.05000000000001,11776.0,0.008946975647253802,0.20194966540429318,1.0
1449.0,10/21/2020,24658033,12/18/2020,C,3460.0,125.9,20,126.7,20,126.30000000000001,3453.8500000000004,-0.0017790381978348055,0.1589041095890411,0.23537701986427198,0.15000000000000568,2017.0,0.00011497033961962999,0.0011883542693787133,1.0
1452.0,10/21/2020,24673094,12/18/2020,C,3430.0,144.8,19,145.3,60,145.05,3454.33,0.007068255384123245,0.1589041095890411,0.24220016521819202,18.75,15061.0,0.006823145353920035,0.13841848121096756,1.0
1454.0,10/21/2020,24688386,12/18/2020,P,3465.0,142.1,15,143.4,21,142.75,3454.67,-0.002985693732152876,0.1589041095890411,0.2500479003037195,-2.0,12880.0,0.00799080269058916,-0.013913267916985002,1.0
1456.0,10/21/2020,24704220,12/18/2020,C,3445.0,135.3,15,136.0,15,135.65,3454.3050000000003,0.0026973747766768142,0.1589041095890411,0.23878098994173919,9.400000000000006,15545.0,0.00409122839576595,0.0718139709494716,1.0
1461.0,10/21/2020,24816205,12/18/2020,P,3445.0,133.5,50,134.2,35,133.85,3455.1099999999997,0.002930390163259324,0.1589041095890411,0.2531719766158442,-2.200000000000017,72.0,0.014440739498972344,-0.016302695262893876,1.0
1464.0,10/21/2020,24896137,12/18/2020,P,3440.0,131.5,100,132.1,70,131.8,3455.345,0.004450836131318962,0.1589041095890411,0.2542451209370717,27.650000000000006,61211.0,0.027826122122279334,0.23545345436142595,1.0
1467.0,10/21/2020,24930801,12/18/2020,P,3440.0,133.4,20,134.1,15,133.75,3448.955,0.0025998152242051667,0.1589041095890411,0.25236650040273906,-5.349999999999994,31308.0,0.012827359567413876,-0.03922071315328127,1.0
1470.0,10/21/2020,24937170,12/18/2020,P,3445.0,136.6,60,137.6,35,137.1,3449.24,0.0012300124551998545,0.1589041095890411,0.2540511408305991,4.549999999999983,22.0,0.01605504172759767,0.03375065383323399,1.0
1474.0,10/21/2020,24997406,12/18/2020,P,3445.0,135.2,70,136.0,35,135.6,3451.58,0.0019081927554210185,0.1589041095890411,0.2533358331957426,1.5,170.0,0.01475483934264954,0.011123585218662302,1.0
1479.0,10/21/2020,25106174,12/18/2020,P,3440.0,134.3,15,135.0,15,134.65,3449.38,0.0027230333632309476,0.1589041095890411,0.25437688444825535,-0.9499999999999886,108282.0,0.001041051252512748,-0.007030556248687169,1.0
1481.0,10/21/2020,25140359,12/18/2020,P,3440.0,134.9,15,135.6,46,135.25,3448.4,0.002438883968326037,0.1589041095890411,0.25463242126981067,-0.6999999999999886,34183.0,0.015028806944508866,-0.005162253351888785,1.0
1486.0,10/21/2020,25140548,12/18/2020,P,3440.0,134.9,60,135.6,89,135.25,3448.4,0.002438883968326037,0.1589041095890411,0.25463242126981067,0.05000000000001137,187.0,0.015450785555876867,0.00036975411772720214,1.0
1487.0,10/21/2020,25169770,12/18/2020,P,3400.0,120.4,47,120.9,20,120.65,3448.13,0.014056623484831523,0.1589041095890411,0.2635313707097258,-14.599999999999994,29222.0,0.00889894943991515,-0.11423112565555016,1.0
1491.0,10/21/2020,25189169,12/18/2020,P,3445.0,136.5,65,137.3,83,136.9,3449.015,0.0011647785663165449,0.1589041095890411,0.25349053527175314,4.5,260.0,0.015553086989680304,0.03342308879149544,1.0
1496.0,10/21/2020,25215852,12/18/2020,P,3445.0,136.1,51,136.8,100,136.45,3449.545,0.0013184338222084503,0.1589041095890411,0.2531283765356686,3.6499999999999773,447.0,0.014967728529593188,0.027114010112013847,1.0
1505.0,10/21/2020,25265011,12/18/2020,P,3445.0,136.6,296,137.4,95,137.0,3448.165,0.0009183010191732027,0.1589041095890411,0.25293446767291117,5.0,5.0,0.014915198715015537,0.03717900324175403,1.0
1506.0,10/21/2020,25288925,12/18/2020,P,3445.0,134.0,100,142.1,130,138.05,3447.9300000000003,0.0008501465056141965,0.1589041095890411,0.2546482012018148,6.600000000000023,162.0,0.01740923944826886,0.04898938720027334,1.0
1516.0,10/21/2020,25425712,12/18/2020,C,3440.0,132.9,56,133.8,65,133.35000000000002,3445.02,0.0014582385787023882,0.1589041095890411,0.23905684954345638,34.300000000000026,21337.0,0.013719524092803054,0.2973524774834635,1.0
1515.0,10/21/2020,25425716,12/18/2020,P,3440.0,135.8,60,136.7,60,136.25,3445.02,0.0014582385787023882,0.1589041095890411,0.25354269533750984,2.8999999999999773,4.0,0.014485845794053459,0.021514182915329905,1.0
1518.0,10/21/2020,25521336,12/18/2020,C,3430.0,138.2,118,139.0,100,138.6,3443.91,0.0040471926419972885,0.1589041095890411,0.2407319807406881,40.099999999999994,79940.0,0.015393687368621733,0.34153553857775965,1.0
1523.0,10/21/2020,25569833,12/18/2020,P,3440.0,137.0,130,137.7,67,137.35,3442.615,0.0007598856323738612,0.1589041095890411,0.2534630642865216,5.599999999999994,490.0,0.015029395821767322,0.04162622511981114,1.0
1530.0,10/21/2020,25591527,12/18/2020,C,3440.0,130.8,52,131.5,85,131.15,3440.38,0.0001104590154574254,0.1589041095890411,0.2394656259151731,33.900000000000006,1037.0,0.013239559253087979,0.2990567238143271,1.0
1535.0,10/21/2020,25658704,12/18/2020,P,3375.0,114.9,129,115.6,20,115.25,3439.52,0.01893660244119535,0.1589041095890411,0.2681687976474164,0.04999999999999716,3.0,9.3873534799227e-05,0.0004339336149669362,1.0
1537.0,10/21/2020,25676099,12/18/2020,P,3375.0,116.1,95,116.5,214,116.3,3438.3050000000003,0.018583293070096638,0.1589041095890411,0.26920563964369604,1.1000000000000085,17373.0,0.001130715531078852,0.009503311262827925,1.0
1548.0,10/21/2020,25722368,12/18/2020,P,3445.0,140.9,15,141.7,15,141.3,3439.215,-0.0016806567957844685,0.1589041095890411,0.25291884280056126,16.700000000000017,4723.0,0.01625993511909707,0.12577668333712905,1.0
1552.0,10/21/2020,25983485,12/18/2020,P,3435.0,135.7,60,136.4,73,136.05,3441.08,0.0017684499262825728,0.1589041095890411,0.2544647179535331,1.8500000000000227,8.0,0.014523861580854558,0.013691240691674033,1.0
1559.0,10/21/2020,25989349,12/18/2020,P,3440.0,137.6,90,138.4,80,138.0,3441.09,0.00031681027544087903,0.1589041095890411,0.25331933415207747,6.849999999999994,126.0,0.014529153807856854,0.050911978844322005,1.0
1565.0,10/21/2020,26316479,12/18/2020,C,3430.0,136.1,60,136.9,35,136.5,3440.37,0.003018762563031241,0.1589041095890411,0.2403462308338574,11.799999999999997,55676.0,0.004561114708625136,0.09041376193902358,1.0
1564.0,10/21/2020,26316893,12/18/2020,P,3430.0,133.6,60,134.3,55,133.95,3440.37,0.003018762563031241,0.1589041095890411,0.2546849897158118,-2.5500000000000114,414.0,0.014338758881954433,-0.018858018634396723,1.0
1572.0,10/21/2020,26379843,12/18/2020,P,3430.0,134.9,60,135.6,60,135.25,3437.8050000000003,0.002272925151536808,0.1589041095890411,0.2548611202913156,0.09999999999999432,2.0,0.014497090842815502,0.000739645004134225,1.0
1579.0,10/21/2020,26425824,12/18/2020,C,3430.0,134.5,60,135.5,15,135.0,3438.2799999999997,0.002411085165776085,0.1589041095890411,0.23962833311270826,8.299999999999997,8942.0,0.002394858821209711,0.063452691111336,1.0
1580.0,10/21/2020,26471073,12/18/2020,P,3435.0,136.6,190,141.8,30,139.2,3436.08,0.00031436106373213424,0.1589041095890411,0.25587878144189813,8.0,174.0,0.01663965399050224,0.059188871390330654,1.0
1588.0,10/21/2020,26530666,12/18/2020,P,3435.0,135.7,15,136.4,15,136.05,3436.3450000000003,0.00039148085772959523,0.1589041095890411,0.2503383793524986,4.150000000000006,36750.0,0.010355675252619267,0.03097840550598649,1.0
1594.0,10/21/2020,26668102,12/18/2020,P,3430.0,133.5,60,134.2,15,133.85,3438.35,0.0024314439752517896,0.1589041095890411,0.25276391082272526,0.799999999999983,137433.0,0.01038762820763553,0.005994772542663161,1.0
1597.0,10/21/2020,26682791,12/18/2020,P,3430.0,133.8,91,134.5,20,134.15,3438.255,0.002403814061942584,0.1589041095890411,0.25323214168757946,-2.1500000000000057,13889.0,0.011287857297791803,-0.01589976183085379,1.0
1598.0,10/21/2020,26690144,12/18/2020,P,3400.0,122.5,85,123.1,41,122.8,3438.625,0.011296250555809378,0.1589041095890411,0.25992107142957427,-13.000000000000014,6747.0,0.018801478938805183,-0.10062619941155378,1.0
1608.0,10/21/2020,26734157,12/18/2020,P,3430.0,133.3,121,134.0,60,133.65,3437.6949999999997,0.0022409274786374484,0.1589041095890411,0.25183170097199603,-2.4999999999999716,7679.0,0.009575684218869701,-0.018532776534840378,1.0
1610.0,10/21/2020,27013658,12/18/2020,P,3435.0,133.8,60,134.6,100,134.2,3440.96,0.0017335765457116902,0.1589041095890411,0.25097228758285156,-0.9000000000000057,507.0,0.009267464671352865,-0.006684020428571826,1.0
1615.0,10/21/2020,27014491,12/18/2020,P,3435.0,133.8,15,134.7,40,134.25,3440.96,0.0017335765457116902,0.1589041095890411,0.25106386700909256,0.05000000000001137,833.0,9.157942624099524e-05,0.00037250885139272663,1.0
1619.0,10/21/2020,27015064,12/18/2020,P,3435.0,133.9,60,134.7,110,134.3,3440.95,0.0017306703757675364,0.1589041095890411,0.2511467803718382,0.05000000000001137,72.0,9.157957995847843e-05,0.00037237014021798773,1.0
1623.0,10/21/2020,27041505,12/18/2020,P,3450.0,139.8,75,140.7,90,140.25,3440.915,-0.0026368066545038446,0.1589041095890411,0.24768573150190676,14.300000000000011,135.0,0.009532357946250097,0.10754154160418654,1.0
1624.0,10/21/2020,27063544,12/18/2020,P,3440.0,135.5,74,136.4,301,135.95,3441.25,0.00036330608937295146,0.1589041095890411,0.2497080915363243,3.6499999999999773,38.0,0.008966086521327188,0.02721509995756952,1.0
1626.0,10/21/2020,27127390,12/18/2020,P,3375.0,113.2,99,113.6,50,113.4,3444.5150000000003,0.02038778648560999,0.1589041095890411,0.2685052111294807,-22.549999999999983,63846.0,0.018797119593156414,-0.18136577978482793,1.0
1633.0,10/21/2020,27129656,12/18/2020,P,3430.0,131.8,35,132.6,20,132.2,3444.56,0.004235913795440456,0.1589041095890411,0.2550527666471055,-6.200000000000017,440.0,0.015326530349200618,-0.045832115765983415,1.0
1648.0,10/21/2020,27132296,12/18/2020,P,3435.0,133.7,15,134.6,35,134.14999999999998,3445.51,0.003055008472982005,0.1589041095890411,0.2548006436503301,-1.150000000000034,26.0,0.017137281576914687,-0.008535958305109476,1.0
1650.0,10/21/2020,27190743,12/18/2020,P,3440.0,136.3,15,137.2,15,136.75,3445.075,0.0014742035254849397,0.1589041095890411,0.2545049570603959,5.0,837.0,0.01837911922158153,0.03724825388061878,1.0
1660.0,10/21/2020,27207733,12/18/2020,P,3440.0,136.8,15,137.7,15,137.25,3444.98,0.0014466275482234278,0.1589041095890411,0.25533716842465404,5.5,16451.0,0.01921133058583968,0.04089789296816831,1.0
1662.0,10/21/2020,27236319,12/18/2020,P,3375.0,114.2,49,114.4,23,114.30000000000001,3444.84,0.020482134940651417,0.1589041095890411,0.2704444500137282,-22.94999999999999,28586.0,0.01510728158907415,-0.18297750958887493,1.0
1671.0,10/21/2020,27356223,12/18/2020,C,3430.0,136.4,15,137.5,15,136.95,3444.2700000000004,0.004151719527278634,0.1589041095890411,0.23735320610829067,0.04999999999998295,532.0,7.199999301424342e-05,0.0003651634146838371,1.0
