,Trade_date,Bid_time,Option_expiration,Call_Put,Price_strike,Bid_price,Bid_size,Ask_price,Ask_size,Mid_price,Underlying_mid_price,log_moneyness,Time_to_expiry,Mid_IV
0,2019-12-24,93004931,2022-12-16,C,1440.0,162.3,1,170.3,1.0,166.3,1438.36,-0.0011395379156659156,2.9808219178082194,0.16918964861955915
1,2019-12-24,93004931,2022-12-16,P,1440.0,161.7,1,169.7,1.0,165.7,1438.36,-0.0011395379156659156,2.9808219178082194,0.16690600620666418
2,2019-12-24,93009157,2022-12-16,P,1440.0,161.7,1,169.7,1.0,165.7,1438.84,-0.0008058801897844709,2.9808219178082194,0.16712323823451236
3,2019-12-24,93009159,2022-12-16,C,1440.0,162.3,1,170.3,1.0,166.3,1438.84,-0.0008058801897844709,2.9808219178082194,0.168917216163348
4,2019-12-24,93038476,2022-12-16,C,1440.0,162.3,1,170.3,6.0,166.3,1438.74,-0.0008753830359538988,2.9808219178082194,0.1689739827130222
5,2019-12-24,93148389,2022-12-16,C,1440.0,157.8,1,170.3,5.0,164.05,1438.72,-0.0008892841848840617,2.9808219178082194,0.16669185210626078
6,2019-12-24,93148389,2022-12-16,P,1440.0,157.7,1,172.5,5.0,165.1,1438.72,-0.0008892841848840617,2.9808219178082194,0.16645744408755328
7,2019-12-24,93148411,2022-12-16,P,1440.0,157.1,1,172.5,5.0,164.8,1438.72,-0.0008892841848840617,2.9808219178082194,0.16615170473456153
8,2019-12-24,93148413,2022-12-16,C,1440.0,156.1,1,170.3,5.0,163.2,1438.72,-0.0008892841848840617,2.9808219178082194,0.16582559550817286
9,2019-12-24,93148421,2022-12-16,C,1440.0,155.5,5,170.3,5.0,162.9,1438.72,-0.0008892841848840617,2.9808219178082194,0.16551988003823764
10,2019-12-24,93148421,2022-12-16,P,1440.0,156.8,1,172.5,5.0,164.65,1438.72,-0.0008892841848840617,2.9808219178082194,0.16599883939751203
11,2019-12-24,93148424,2022-12-16,P,1440.0,156.7,1,172.5,5.0,164.6,1438.72,-0.0008892841848840617,2.9808219178082194,0.16594788492735796
12,2019-12-24,93148426,2022-12-16,P,1440.0,156.6,1,172.5,5.0,164.55,1438.72,-0.0008892841848840617,2.9808219178082194,0.16589693077813045
13,2019-12-24,93148490,2022-12-16,C,1440.0,155.2,1,169.5,5.0,162.35,1438.72,-0.0008892841848840617,2.9808219178082194,0.16495943158661824
14,2019-12-24,93148497,2022-12-16,P,1440.0,156.6,6,172.0,5.0,164.3,1438.72,-0.0008892841848840617,2.9808219178082194,0.16564216484229483
15,2019-12-24,93148499,2022-12-16,C,1440.0,154.4,1,169.5,5.0,161.95,1438.72,-0.0008892841848840617,2.9808219178082194,0.16455185695947888
16,2019-12-24,93148502,2022-12-16,P,1440.0,156.6,5,172.0,5.0,164.3,1438.72,-0.0008892841848840617,2.9808219178082194,0.16564216484229483
17,2019-12-24,93148503,2022-12-16,C,1440.0,153.9,1,169.5,5.0,161.7,1438.72,-0.0008892841848840617,2.9808219178082194,0.16429713315950387
18,2019-12-24,93148505,2022-12-16,C,1440.0,153.7,1,169.5,5.0,161.6,1438.72,-0.0008892841848840617,2.9808219178082194,0.1641952458634261
19,2019-12-24,93148507,2022-12-16,C,1440.0,153.6,1,169.5,5.0,161.55,1438.72,-0.0008892841848840617,2.9808219178082194,0.16414430269152933
20,2019-12-24,93148591,2022-12-16,C,1440.0,153.6,6,169.0,5.0,161.3,1438.72,-0.0008892841848840617,2.9808219178082194,0.1638895915893616
21,2019-12-24,93148594,2022-12-16,C,1440.0,153.6,5,169.0,5.0,161.3,1438.72,-0.0008892841848840617,2.9808219178082194,0.1638895915893616
22,2019-12-24,93148968,2022-12-16,C,1440.0,153.3,1,169.0,5.0,161.15,1438.72,-0.0008892841848840617,2.9808219178082194,0.16373676873022017
23,2019-12-24,93148968,2022-12-16,P,1440.0,156.3,1,172.0,5.0,164.15,1438.72,-0.0008892841848840617,2.9808219178082194,0.16548930912533605
24,2019-12-24,93148969,2022-12-16,C,1440.0,153.2,1,169.0,5.0,161.1,1438.72,-0.0008892841848840617,2.9808219178082194,0.16368582841025062
25,2019-12-24,93148969,2022-12-16,P,1440.0,156.2,1,172.0,5.0,164.1,1438.72,-0.0008892841848840617,2.9808219178082194,0.16543835785982372
26,2019-12-24,93148970,2022-12-16,C,1440.0,153.1,1,169.0,5.0,161.05,1438.72,-0.0008892841848840617,2.9808219178082194,0.16363488840664897
27,2019-12-24,93148970,2022-12-16,P,1440.0,156.2,1,171.5,5.0,163.85,1438.72,-0.0008892841848840617,2.9808219178082194,0.16518360632869433
28,2019-12-24,93148970,2022-12-16,P,1440.0,156.1,1,171.5,5.0,163.8,1438.72,-0.0008892841848840617,2.9808219178082194,0.16513265698103596
29,2019-12-24,93148971,2022-12-16,P,1440.0,155.8,1,171.5,5.0,163.65,1438.72,-0.0008892841848840617,2.9808219178082194,0.16497981085334684
30,2019-12-24,93148972,2022-12-16,C,1440.0,153.1,6,169.0,5.0,161.05,1438.72,-0.0008892841848840617,2.9808219178082194,0.16363488840664897
31,2019-12-24,93148972,2022-12-16,P,1440.0,155.7,1,171.5,5.0,163.6,1438.72,-0.0008892841848840617,2.9808219178082194,0.16492886278220348
32,2019-12-24,93148972,2022-12-16,P,1440.0,155.8,5,171.5,5.0,163.65,1438.72,-0.0008892841848840617,2.9808219178082194,0.16497981085334684
33,2019-12-24,93148972,2022-12-16,P,1440.0,155.7,6,171.5,5.0,163.6,1438.72,-0.0008892841848840617,2.9808219178082194,0.16492886278220348
34,2019-12-24,93148972,2022-12-16,P,1440.0,155.7,5,171.5,5.0,163.6,1438.72,-0.0008892841848840617,2.9808219178082194,0.16492886278220348
35,2019-12-24,93149609,2022-12-16,P,1440.0,161.7,1,169.7,1.0,165.7,1438.81,-0.0008267305364222647,2.9808219178082194,0.16710966978045358
36,2019-12-24,93149613,2022-12-16,C,1440.0,162.2,1,169.0,5.0,165.6,1438.81,-0.0008267305364222647,2.9808219178082194,0.1682206753491673
37,2019-12-24,93149656,2022-12-16,C,1440.0,162.2,1,169.1,1.0,165.64999999999998,1438.81,-0.0008267305364222647,2.9808219178082194,0.1682716426100793
38,2019-12-24,93149657,2022-12-16,P,1440.0,161.7,1,169.7,6.0,165.7,1438.81,-0.0008267305364222647,2.9808219178082194,0.16710966978045358
39,2019-12-24,93149658,2022-12-16,C,1440.0,162.2,1,170.2,1.0,166.2,1438.81,-0.0008267305364222647,2.9808219178082194,0.16883230399341134
40,2019-12-24,93149676,2022-12-16,C,1440.0,162.2,1,170.2,6.0,166.2,1438.81,-0.0008267305364222647,2.9808219178082194,0.16883230399341134
41,2019-12-24,93204920,2022-12-16,C,1440.0,157.2,1,170.2,5.0,163.7,1438.67,-0.0009240379026665246,2.9808219178082194,0.16636347134719784
42,2019-12-24,93204920,2022-12-16,P,1440.0,156.5,5,169.7,5.0,163.1,1438.67,-0.0009240379026665246,2.9808219178082194,0.16439673762118268
43,2019-12-24,93204940,2022-12-16,C,1440.0,155.7,1,170.2,5.0,162.95,1438.67,-0.0009240379026665246,2.9808219178082194,0.16559913995591785
44,2019-12-24,93204945,2022-12-16,C,1440.0,155.5,5,170.2,5.0,162.85,1438.67,-0.0009240379026665246,2.9808219178082194,0.16549723455510187
45,2019-12-24,93205009,2022-12-16,P,1440.0,155.6,1,171.0,5.0,163.3,1438.67,-0.0009240379026665246,2.9808219178082194,0.16460052213232915
46,2019-12-24,93205013,2022-12-16,P,1440.0,155.3,1,171.0,5.0,163.15,1438.67,-0.0009240379026665246,2.9808219178082194,0.1644476832720146
47,2019-12-24,93205014,2022-12-16,C,1440.0,155.0,1,169.5,5.0,162.25,1438.67,-0.0009240379026665246,2.9808219178082194,0.1648858290028743
48,2019-12-24,93205021,2022-12-16,C,1440.0,154.3,1,169.5,5.0,161.9,1438.67,-0.0009240379026665246,2.9808219178082194,0.16452919697462312
49,2019-12-24,93205021,2022-12-16,P,1440.0,155.2,1,171.0,5.0,163.1,1438.67,-0.0009240379026665246,2.9808219178082194,0.16439673762118268
50,2019-12-24,93205023,2022-12-16,P,1440.0,155.1,1,171.0,5.0,163.05,1438.67,-0.0009240379026665246,2.9808219178082194,0.16434579228814958
51,2019-12-24,93205024,2022-12-16,C,1440.0,153.9,1,169.5,5.0,161.7,1438.67,-0.0009240379026665246,2.9808219178082194,0.16432541424389685
52,2019-12-24,93205025,2022-12-16,C,1440.0,153.7,1,169.5,5.0,161.6,1438.67,-0.0009240379026665246,2.9808219178082194,0.16422352478487443
53,2019-12-24,93205026,2022-12-16,C,1440.0,153.6,1,169.5,5.0,161.55,1438.67,-0.0009240379026665246,2.9808219178082194,0.16417258053158912
54,2019-12-24,93205055,2022-12-16,C,1440.0,153.6,6,169.0,5.0,161.3,1438.65,-0.0009379397279763916,2.9808219178082194,0.1639291726134557
55,2019-12-24,93205057,2022-12-16,C,1440.0,153.6,5,169.0,5.0,161.3,1438.65,-0.0009379397279763916,2.9808219178082194,0.1639291726134557
56,2019-12-24,93205099,2022-12-16,P,1440.0,155.1,6,171.0,5.0,163.05,1438.65,-0.0009379397279763916,2.9808219178082194,0.16433672629606866
57,2019-12-24,93205988,2022-12-16,C,1440.0,153.3,1,169.0,5.0,161.15,1438.65,-0.0009379397279763916,2.9808219178082194,0.16377634521342418
58,2019-12-24,93205989,2022-12-16,C,1440.0,153.2,1,169.0,5.0,161.1,1438.65,-0.0009379397279763916,2.9808219178082194,0.16372540337998037
59,2019-12-24,93205990,2022-12-16,C,1440.0,153.1,1,169.0,5.0,161.05,1438.65,-0.0009379397279763916,2.9808219178082194,0.16367446186298215
60,2019-12-24,93205995,2022-12-16,C,1440.0,153.1,6,169.0,5.0,161.05,1438.65,-0.0009379397279763916,2.9808219178082194,0.16367446186298215
61,2019-12-24,93206147,2022-12-16,P,1440.0,161.7,1,169.7,1.0,165.7,1438.64,-0.0009448907131048324,2.9808219178082194,0.16703276036303394
62,2019-12-24,93206150,2022-12-16,C,1440.0,162.2,1,169.0,5.0,165.6,1438.64,-0.0009448907131048324,2.9808219178082194,0.16831712109464717
63,2019-12-24,93206205,2022-12-16,C,1440.0,162.2,1,169.1,1.0,165.64999999999998,1438.64,-0.0009448907131048324,2.9808219178082194,0.16836809204625072
64,2019-12-24,93206207,2022-12-16,P,1440.0,161.7,1,169.7,6.0,165.7,1438.64,-0.0009448907131048324,2.9808219178082194,0.16703276036303394
65,2019-12-24,93206208,2022-12-16,C,1440.0,162.2,1,170.2,1.0,166.2,1438.64,-0.0009448907131048324,2.9808219178082194,0.16892879404013134
66,2019-12-24,93206221,2022-12-16,C,1440.0,162.2,1,170.2,6.0,166.2,1438.64,-0.0009448907131048324,2.9808219178082194,0.16892879404013134
67,2019-12-24,93215502,2022-12-16,P,1440.0,156.5,5,169.7,5.0,163.1,1438.81,-0.0008267305364222647,2.9808219178082194,0.16446018305980412
68,2019-12-24,93215502,2022-12-16,C,1440.0,157.2,1,170.2,5.0,163.7,1438.81,-0.0008267305364222647,2.9808219178082194,0.16628415969931054
69,2019-12-24,93215518,2022-12-16,C,1440.0,155.7,1,170.2,5.0,162.95,1438.81,-0.0008267305364222647,2.9808219178082194,0.1655198737782007
70,2019-12-24,93215526,2022-12-16,C,1440.0,155.5,5,170.2,5.0,162.85,1438.81,-0.0008267305364222647,2.9808219178082194,0.16541797443736822
71,2019-12-24,93215636,2022-12-16,C,1440.0,155.0,1,169.5,5.0,162.25,1438.81,-0.0008267305364222647,2.9808219178082194,0.1648066052317139
72,2019-12-24,93215638,2022-12-16,P,1440.0,155.1,1,171.0,5.0,163.05,1438.81,-0.0008267305364222647,2.9808219178082194,0.1644092398634528
73,2019-12-24,93215651,2022-12-16,C,1440.0,154.3,1,169.5,5.0,161.9,1438.81,-0.0008267305364222647,2.9808219178082194,0.16444999439510294
74,2019-12-24,93215655,2022-12-16,C,1440.0,153.9,1,169.5,5.0,161.7,1438.81,-0.0008267305364222647,2.9808219178082194,0.16424622377041145
75,2019-12-24,93215657,2022-12-16,C,1440.0,153.7,1,169.5,5.0,161.6,1438.81,-0.0008267305364222647,2.9808219178082194,0.16414434036346023
76,2019-12-24,93215659,2022-12-16,C,1440.0,153.6,1,169.5,5.0,161.55,1438.81,-0.0008267305364222647,2.9808219178082194,0.16409339913597418
77,2019-12-24,93215712,2022-12-16,C,1440.0,153.6,6,169.0,5.0,161.3,1438.81,-0.0008267305364222647,2.9808219178082194,0.16383869775433607
78,2019-12-24,93215714,2022-12-16,C,1440.0,153.6,5,169.0,5.0,161.3,1438.81,-0.0008267305364222647,2.9808219178082194,0.16383869775433607
79,2019-12-24,93215716,2022-12-16,P,1440.0,155.1,6,171.0,5.0,163.05,1438.81,-0.0008267305364222647,2.9808219178082194,0.1644092398634528
80,2019-12-24,93216095,2022-12-16,C,1440.0,153.3,1,169.0,5.0,161.15,1438.82,-0.0008197803725720784,2.9808219178082194,0.16368022622879838
81,2019-12-24,93216096,2022-12-16,C,1440.0,153.2,1,169.0,5.0,161.1,1438.82,-0.0008197803725720784,2.9808219178082194,0.1636292880681034
82,2019-12-24,93216097,2022-12-16,C,1440.0,153.1,1,169.0,5.0,161.05,1438.82,-0.0008197803725720784,2.9808219178082194,0.16357835022366346
83,2019-12-24,93216098,2022-12-16,C,1440.0,153.1,6,169.0,5.0,161.05,1438.82,-0.0008197803725720784,2.9808219178082194,0.16357835022366346
84,2019-12-24,93216703,2022-12-16,P,1440.0,161.7,1,169.7,1.0,165.7,1438.82,-0.0008197803725720784,2.9808219178082194,0.16711419272494699
85,2019-12-24,93216705,2022-12-16,C,1440.0,162.3,1,169.0,5.0,165.65,1438.82,-0.0008197803725720784,2.9808219178082194,0.16826596864567842
86,2019-12-24,93216762,2022-12-16,C,1440.0,162.3,1,169.1,1.0,165.7,1438.82,-0.0008197803725720784,2.9808219178082194,0.16831693601538092
87,2019-12-24,93216764,2022-12-16,C,1440.0,162.3,1,170.3,1.0,166.3,1438.82,-0.0008197803725720784,2.9808219178082194,0.16892856988641614
88,2019-12-24,93216765,2022-12-16,P,1440.0,161.7,1,169.7,6.0,165.7,1438.82,-0.0008197803725720784,2.9808219178082194,0.16711419272494699
89,2019-12-24,93216789,2022-12-16,C,1440.0,162.3,1,170.3,6.0,166.3,1438.82,-0.0008197803725720784,2.9808219178082194,0.16892856988641614
90,2019-12-24,93307692,2022-12-16,P,1440.0,161.7,1,169.7,1.0,165.7,1438.64,-0.0009448907131048324,2.9808219178082194,0.16703276036303394
91,2019-12-24,93423412,2022-12-16,P,1440.0,156.5,5,171.1,1.0,163.8,1437.69,-0.0016054547196993137,2.9808219178082194,0.16466539365295435
92,2019-12-24,93423413,2022-12-16,C,1440.0,157.3,1,170.3,5.0,163.8,1437.69,-0.0016054547196993137,2.9808219178082194,0.16702032137237957
93,2019-12-24,93423670,2022-12-16,C,1440.0,157.3,1,170.5,5.0,163.9,1437.69,-0.0016054547196993137,2.9808219178082194,0.16712228179032462
94,2019-12-24,93423673,2022-12-16,P,1440.0,155.5,5,171.1,6.0,163.3,1437.69,-0.0016054547196993137,2.9808219178082194,0.16415575881000327
95,2019-12-24,93424027,2022-12-16,P,1440.0,155.5,5,171.1,5.0,163.3,1437.81,-0.0015219909742154056,2.9808219178082194,0.16421028610192437
96,2019-12-24,93424029,2022-12-16,C,1440.0,155.8,1,170.5,5.0,163.15,1437.81,-0.0015219909742154056,2.9808219178082194,0.16628972047389323
97,2019-12-24,93424053,2022-12-16,P,1440.0,155.5,5,171.3,1.0,163.4,1437.81,-0.0015219909742154056,2.9808219178082194,0.16431220678989927
98,2019-12-24,93424054,2022-12-16,C,1440.0,155.8,6,170.0,5.0,162.9,1437.81,-0.0015219909742154056,2.9808219178082194,0.16603485919365468
99,2019-12-24,93424082,2022-12-16,P,1440.0,155.5,5,171.3,6.0,163.4,1437.81,-0.0015219909742154056,2.9808219178082194,0.16431220678989927
100,2019-12-24,93424114,2022-12-16,C,1440.0,155.8,5,170.0,5.0,162.9,1437.81,-0.0015219909742154056,2.9808219178082194,0.16603485919365468
101,2019-12-24,93424130,2022-12-16,P,1440.0,155.5,5,171.3,5.0,163.4,1437.81,-0.0015219909742154056,2.9808219178082194,0.16431220678989927
102,2019-12-24,93424279,2022-12-16,P,1440.0,161.9,99,169.7,1.0,165.8,1437.81,-0.0015219909742154056,2.9808219178082194,0.16675868624172482
103,2019-12-24,93424284,2022-12-16,P,1440.0,161.9,99,169.7,6.0,165.8,1437.81,-0.0015219909742154056,2.9808219178082194,0.16675868624172482
104,2019-12-24,93424431,2022-12-16,C,1440.0,162.3,1,170.0,5.0,166.15,1437.81,-0.0015219909742154056,2.9808219178082194,0.16934868652272245
105,2019-12-24,93424614,2022-12-16,C,1440.0,162.3,1,170.3,6.0,166.3,1437.81,-0.0015219909742154056,2.9808219178082194,0.16950166561038885
106,2019-12-24,93424622,2022-12-16,C,1440.0,162.3,1,170.3,11.0,166.3,1437.81,-0.0015219909742154056,2.9808219178082194,0.16950166561038885
107,2019-12-24,93425228,2022-12-16,P,1440.0,161.9,99,169.7,1.0,165.8,1437.8,-0.0015289460202751605,2.9808219178082194,0.1667541507798418
108,2019-12-24,93425305,2022-12-16,P,1440.0,162.2,1,170.2,1.0,166.2,1437.8,-0.0015289460202751605,2.9808219178082194,0.16716197052434878
109,2019-12-24,93425369,2022-12-16,C,1440.0,161.7,1,169.7,1.0,165.7,1437.8,-0.0015289460202751605,2.9808219178082194,0.1688954359140396
110,2019-12-24,93425457,2022-12-16,C,1440.0,161.7,1,169.7,6.0,165.7,1437.8,-0.0015289460202751605,2.9808219178082194,0.1688954359140396
111,2019-12-24,93425694,2022-12-16,P,1440.0,162.2,1,170.2,6.0,166.2,1437.8,-0.0015289460202751605,2.9808219178082194,0.16716197052434878
112,2019-12-24,93427471,2022-12-16,C,1440.0,161.7,1,169.7,1.0,165.7,1437.72,-0.0015845881302382454,2.9808219178082194,0.16894078581480856
113,2019-12-24,93427534,2022-12-16,C,1440.0,161.7,1,169.7,6.0,165.7,1437.72,-0.0015845881302382454,2.9808219178082194,0.16894078581480856
114,2019-12-24,93428542,2022-12-16,C,1440.0,161.7,1,169.7,1.0,165.7,1437.71,-0.0015915436116793558,2.9808219178082194,0.16894645432222136
115,2019-12-24,93529690,2022-12-16,P,1440.0,162.2,1,170.2,1.0,166.2,1437.38,-0.0018211016439142339,2.9808219178082194,0.16697141822043635
116,2019-12-24,93644139,2022-12-16,P,1440.0,157.0,5,171.4,1.0,164.2,1437.62,-0.0016541451217874142,2.9808219178082194,0.1650413279174758
117,2019-12-24,93644140,2022-12-16,C,1440.0,155.2,1,171.0,5.0,163.1,1437.62,-0.0016541451217874142,2.9808219178082194,0.1663462318171846
118,2019-12-24,93644151,2022-12-16,P,1440.0,157.0,5,172.2,1.0,164.6,1437.62,-0.0016541451217874142,2.9808219178082194,0.16544908784905055
119,2019-12-24,93644153,2022-12-16,C,1440.0,155.1,1,171.0,5.0,163.05,1437.62,-0.0016541451217874142,2.9808219178082194,0.1662952550639906
120,2019-12-24,93644172,2022-12-16,P,1440.0,157.0,5,172.6,1.0,164.8,1437.62,-0.0016541451217874142,2.9808219178082194,0.1656529754867069
121,2019-12-24,93644183,2022-12-16,P,1440.0,157.0,5,172.8,1.0,164.9,1437.62,-0.0016541451217874142,2.9808219178082194,0.1657549212263915
122,2019-12-24,93644196,2022-12-16,P,1440.0,157.0,5,172.9,1.0,164.95,1437.62,-0.0016541451217874142,2.9808219178082194,0.16580589457680917
123,2019-12-24,93644284,2022-12-16,P,1440.0,156.9,1,172.5,5.0,164.7,1437.62,-0.0016541451217874142,2.9808219178082194,0.16555103102786844
124,2019-12-24,93644290,2022-12-16,C,1440.0,155.1,6,169.5,5.0,162.3,1437.62,-0.0016541451217874142,2.9808219178082194,0.16553064228972977
125,2019-12-24,93644290,2022-12-16,P,1440.0,156.7,1,172.5,5.0,164.6,1437.62,-0.0016541451217874142,2.9808219178082194,0.16544908784905055
126,2019-12-24,93644296,2022-12-16,C,1440.0,155.1,5,169.5,5.0,162.3,1437.62,-0.0016541451217874142,2.9808219178082194,0.16553064228972977
127,2019-12-24,93644297,2022-12-16,P,1440.0,156.6,1,172.5,5.0,164.55,1437.62,-0.0016541451217874142,2.9808219178082194,0.1653981167393914
128,2019-12-24,93644307,2022-12-16,P,1440.0,156.6,1,172.0,5.0,164.3,1437.62,-0.0016541451217874142,2.9808219178082194,0.1651432659844658
129,2019-12-24,93644313,2022-12-16,P,1440.0,156.3,1,172.0,5.0,164.15,1437.62,-0.0016541451217874142,2.9808219178082194,0.1649903593624925
130,2019-12-24,93644316,2022-12-16,P,1440.0,156.2,1,172.0,5.0,164.1,1437.62,-0.0016541451217874142,2.9808219178082194,0.16493939112637948
131,2019-12-24,93644317,2022-12-16,P,1440.0,156.1,1,172.0,5.0,164.05,1437.62,-0.0016541451217874142,2.9808219178082194,0.16488842320903363
132,2019-12-24,93644358,2022-12-16,P,1440.0,156.1,6,172.0,5.0,164.05,1437.62,-0.0016541451217874142,2.9808219178082194,0.16488842320903363
133,2019-12-24,93644475,2022-12-16,C,1440.0,154.3,1,169.5,5.0,161.9,1437.62,-0.0016541451217874142,2.9808219178082194,0.1651228782689568
134,2019-12-24,93644476,2022-12-16,C,1440.0,154.3,6,169.0,5.0,161.65,1437.62,-0.0016541451217874142,2.9808219178082194,0.16486803613132706
135,2019-12-24,93644476,2022-12-16,C,1440.0,154.3,5,169.0,5.0,161.65,1437.62,-0.0016541451217874142,2.9808219178082194,0.16486803613132706
136,2019-12-24,93645361,2022-12-16,P,1440.0,162.2,1,170.2,1.0,166.2,1437.61,-0.0016611010870493973,2.9808219178082194,0.16707579613474643
137,2019-12-24,93645366,2022-12-16,P,1440.0,162.2,1,170.2,6.0,166.2,1437.61,-0.0016611010870493973,2.9808219178082194,0.16707579613474643
138,2019-12-24,93645367,2022-12-16,C,1440.0,161.6,1,169.0,5.0,165.3,1437.61,-0.0016611010870493973,2.9808219178082194,0.16859519505473064
139,2019-12-24,93645371,2022-12-16,C,1440.0,161.6,1,169.6,1.0,165.6,1437.61,-0.0016611010870493973,2.9808219178082194,0.16890114924313437
140,2019-12-24,93645378,2022-12-16,C,1440.0,161.6,1,169.6,6.0,165.6,1437.61,-0.0016611010870493973,2.9808219178082194,0.16890114924313437
141,2019-12-24,93647518,2022-12-16,P,1440.0,162.2,1,170.2,1.0,166.2,1437.58,-0.0016819692731525526,2.9808219178082194,0.16706218544933665
142,2019-12-24,93927473,2022-12-16,C,1440.0,161.6,1,169.6,1.0,165.6,1437.74,-0.00157067731249062,2.9808219178082194,0.1688274670345522
143,2019-12-24,93929975,2022-12-16,C,1440.0,161.6,1,169.6,6.0,165.6,1437.75,-0.0015637219761827587,2.9808219178082194,0.1688217988141008
144,2019-12-24,94528042,2022-12-16,P,1440.0,158.2,1,173.0,5.0,165.6,1437.04,-0.0020576711094661207,2.9808219178082194,0.1662051322559998
145,2019-12-24,94528043,2022-12-16,C,1440.0,155.8,1,169.6,5.0,162.7,1437.04,-0.0020576711094661207,2.9808219178082194,0.1662663166160861
146,2019-12-24,94528059,2022-12-16,C,1440.0,154.7,1,169.6,5.0,162.14999999999998,1437.04,-0.0020576711094661207,2.9808219178082194,0.16570547727759943
147,2019-12-24,94528059,2022-12-16,P,1440.0,157.6,1,173.0,5.0,165.3,1437.04,-0.0020576711094661207,2.9808219178082194,0.16589921738949198
148,2019-12-24,94528083,2022-12-16,P,1440.0,157.3,1,173.0,5.0,165.15,1437.04,-0.0020576711094661207,2.9808219178082194,0.16574626428518718
149,2019-12-24,94528083,2022-12-16,C,1440.0,154.5,5,169.6,5.0,162.05,1437.04,-0.0020576711094661207,2.9808219178082194,0.16560351065497875
150,2019-12-24,94528090,2022-12-16,P,1440.0,157.2,1,173.0,5.0,165.1,1437.04,-0.0020576711094661207,2.9808219178082194,0.16569528055772115
151,2019-12-24,94528095,2022-12-16,P,1440.0,157.1,1,173.0,5.0,165.05,1437.04,-0.0020576711094661207,2.9808219178082194,0.16564429715040035
152,2019-12-24,94528156,2022-12-16,C,1440.0,154.2,1,168.5,5.0,161.35,1437.04,-0.0020576711094661207,2.9808219178082194,0.16488978008565633
153,2019-12-24,94528160,2022-12-16,P,1440.0,157.1,6,173.0,5.0,165.05,1437.04,-0.0020576711094661207,2.9808219178082194,0.16564429715040035
154,2019-12-24,94528162,2022-12-16,C,1440.0,153.4,1,168.5,5.0,160.95,1437.04,-0.0020576711094661207,2.9808219178082194,0.16448196209313293
155,2019-12-24,94528163,2022-12-16,P,1440.0,157.1,6,172.5,5.0,164.8,1437.04,-0.0020576711094661207,2.9808219178082194,0.1653893849123513
156,2019-12-24,94528166,2022-12-16,P,1440.0,157.1,5,172.5,5.0,164.8,1437.04,-0.0020576711094661207,2.9808219178082194,0.1653893849123513
157,2019-12-24,94528167,2022-12-16,C,1440.0,152.9,1,168.5,5.0,160.7,1437.04,-0.0020576711094661207,2.9808219178082194,0.16422708617584236
158,2019-12-24,94528182,2022-12-16,C,1440.0,152.6,1,168.5,5.0,160.55,1437.04,-0.0020576711094661207,2.9808219178082194,0.16407416443227676
159,2019-12-24,94528182,2022-12-16,C,1440.0,152.7,1,168.5,5.0,160.6,1437.04,-0.0020576711094661207,2.9808219178082194,0.16412513802980588
160,2019-12-24,94528254,2022-12-16,C,1440.0,152.6,6,168.5,5.0,160.55,1437.04,-0.0020576711094661207,2.9808219178082194,0.16407416443227676
161,2019-12-24,94528257,2022-12-16,C,1440.0,152.6,6,168.0,5.0,160.3,1437.04,-0.0020576711094661207,2.9808219178082194,0.16381930119538554
162,2019-12-24,94528258,2022-12-16,C,1440.0,152.6,5,168.0,5.0,160.3,1437.04,-0.0020576711094661207,2.9808219178082194,0.16381930119538554
163,2019-12-24,94529084,2022-12-16,C,1440.0,152.3,1,168.0,5.0,160.15,1437.02,-0.0020715887033926875,2.9808219178082194,0.16367766782524007
164,2019-12-24,94529084,2022-12-16,P,1440.0,156.8,1,172.5,5.0,164.65,1437.02,-0.0020715887033926875,2.9808219178082194,0.16522734340337994
165,2019-12-24,94529085,2022-12-16,P,1440.0,156.7,1,172.5,5.0,164.6,1437.02,-0.0020715887033926875,2.9808219178082194,0.16517636255689375
166,2019-12-24,94529085,2022-12-16,C,1440.0,152.2,1,168.0,5.0,160.1,1437.02,-0.0020715887033926875,2.9808219178082194,0.16362669663270624
167,2019-12-24,94529086,2022-12-16,P,1440.0,156.6,1,172.5,5.0,164.55,1437.02,-0.0020715887033926875,2.9808219178082194,0.1651253820294928
168,2019-12-24,94529086,2022-12-16,C,1440.0,152.1,1,168.0,5.0,160.05,1437.02,-0.0020715887033926875,2.9808219178082194,0.16357572575611268
169,2019-12-24,94529088,2022-12-16,P,1440.0,156.6,6,172.5,5.0,164.55,1437.02,-0.0020715887033926875,2.9808219178082194,0.1651253820294928
170,2019-12-24,94529088,2022-12-16,C,1440.0,152.1,6,168.0,5.0,160.05,1437.02,-0.0020715887033926875,2.9808219178082194,0.16357572575611268
171,2019-12-24,94529330,2022-12-16,P,1440.0,162.5,1,170.5,1.0,166.5,1437.02,-0.0020715887033926875,2.9808219178082194,0.16711385998648964
172,2019-12-24,94529334,2022-12-16,P,1440.0,162.5,1,170.5,6.0,166.5,1437.02,-0.0020715887033926875,2.9808219178082194,0.16711385998648964
173,2019-12-24,94529335,2022-12-16,C,1440.0,161.2,1,168.0,5.0,164.6,1437.02,-0.0020715887033926875,2.9808219178082194,0.168215381872495
174,2019-12-24,94529337,2022-12-16,C,1440.0,161.2,1,168.1,1.0,164.64999999999998,1437.02,-0.0020715887033926875,2.9808219178082194,0.16826638192350143
175,2019-12-24,94529339,2022-12-16,C,1440.0,161.2,1,169.2,1.0,165.2,1437.02,-0.0020715887033926875,2.9808219178082194,0.16882740398141707
176,2019-12-24,94529340,2022-12-16,C,1440.0,161.2,1,169.2,6.0,165.2,1437.02,-0.0020715887033926875,2.9808219178082194,0.16882740398141707
177,2019-12-24,94544388,2022-12-16,P,1440.0,162.5,97,170.5,10.0,166.5,1436.85,-0.0021898960730359074,2.9808219178082194,0.16703660549686203
178,2019-12-24,94544762,2022-12-16,P,1440.0,162.5,97,170.5,5.0,166.5,1436.85,-0.0021898960730359074,2.9808219178082194,0.16703660549686203
179,2019-12-24,95816446,2022-12-16,C,1440.0,155.6,1,169.2,5.0,162.39999999999998,1436.73,-0.002273415585330496,2.9808219178082194,0.1661355370619941
180,2019-12-24,95816448,2022-12-16,P,1440.0,158.3,1,173.5,5.0,165.9,1436.73,-0.002273415585330496,2.9808219178082194,0.16637010423679505
181,2019-12-24,95816488,2022-12-16,C,1440.0,155.6,1,169.5,5.0,162.55,1436.73,-0.002273415585330496,2.9808219178082194,0.166288514883382
182,2019-12-24,95816489,2022-12-16,P,1440.0,158.3,6,173.0,5.0,165.65,1436.73,-0.002273415585330496,2.9808219178082194,0.16611514023743904
183,2019-12-24,95816498,2022-12-16,C,1440.0,155.6,6,169.5,5.0,162.55,1436.73,-0.002273415585330496,2.9808219178082194,0.166288514883382
184,2019-12-24,95816529,2022-12-16,C,1440.0,155.6,5,169.5,5.0,162.55,1436.73,-0.002273415585330496,2.9808219178082194,0.166288514883382
185,2019-12-24,95816554,2022-12-16,P,1440.0,158.3,5,173.0,5.0,165.65,1436.73,-0.002273415585330496,2.9808219178082194,0.16611514023743904
186,2019-12-24,95817841,2022-12-16,C,1440.0,154.4,1,169.5,5.0,161.95,1436.73,-0.002273415585330496,2.9808219178082194,0.16567662091708754
187,2019-12-24,95817841,2022-12-16,P,1440.0,157.9,1,173.0,5.0,165.45,1436.73,-0.002273415585330496,2.9808219178082194,0.1659111748146502
188,2019-12-24,95817842,2022-12-16,C,1440.0,153.9,1,169.5,5.0,161.7,1436.73,-0.002273415585330496,2.9808219178082194,0.16542167870812097
189,2019-12-24,95817845,2022-12-16,C,1440.0,153.7,1,169.5,5.0,161.6,1436.73,-0.002273415585330496,2.9808219178082194,0.16531970406163624
190,2019-12-24,95817845,2022-12-16,P,1440.0,157.4,1,173.0,5.0,165.2,1436.73,-0.002273415585330496,2.9808219178082194,0.16565622524614124
191,2019-12-24,95817846,2022-12-16,P,1440.0,157.2,1,173.0,5.0,165.1,1436.73,-0.002273415585330496,2.9808219178082194,0.1655542476591792
192,2019-12-24,95817846,2022-12-16,C,1440.0,153.6,1,169.5,5.0,161.55,1436.73,-0.002273415585330496,2.9808219178082194,0.16526871721735806
193,2019-12-24,95817848,2022-12-16,P,1440.0,157.1,1,173.0,5.0,165.05,1436.73,-0.002273415585330496,2.9808219178082194,0.16550325934537793
194,2019-12-24,95817900,2022-12-16,P,1440.0,157.1,6,173.0,5.0,165.05,1436.73,-0.002273415585330496,2.9808219178082194,0.16550325934537793
195,2019-12-24,95817901,2022-12-16,C,1440.0,153.6,6,168.5,5.0,161.05,1436.73,-0.002273415585330496,2.9808219178082194,0.16475886631188225
196,2019-12-24,95817902,2022-12-16,C,1440.0,153.6,5,168.5,5.0,161.05,1436.73,-0.002273415585330496,2.9808219178082194,0.16475886631188225
197,2019-12-24,95818385,2022-12-16,C,1440.0,153.1,1,168.5,5.0,160.8,1436.73,-0.002273415585330496,2.9808219178082194,0.16450395279566365
198,2019-12-24,95818387,2022-12-16,C,1440.0,152.8,1,168.5,5.0,160.65,1436.73,-0.002273415585330496,2.9808219178082194,0.16435100849815515
199,2019-12-24,95818388,2022-12-16,C,1440.0,152.7,1,168.5,5.0,160.6,1436.73,-0.002273415585330496,2.9808219178082194,0.16430002770040092
200,2019-12-24,95818389,2022-12-16,C,1440.0,152.6,1,168.5,5.0,160.55,1436.73,-0.002273415585330496,2.9808219178082194,0.16424904721984826
201,2019-12-24,95818390,2022-12-16,C,1440.0,152.6,1,168.0,5.0,160.3,1436.73,-0.002273415585330496,2.9808219178082194,0.1639941495714813
202,2019-12-24,95818391,2022-12-16,C,1440.0,152.3,1,168.0,5.0,160.15,1436.73,-0.002273415585330496,2.9808219178082194,0.16384121478224806
203,2019-12-24,95818392,2022-12-16,C,1440.0,152.2,1,168.0,5.0,160.1,1436.73,-0.002273415585330496,2.9808219178082194,0.16379023715184637
204,2019-12-24,95818392,2022-12-16,C,1440.0,152.1,1,168.0,5.0,160.05,1436.73,-0.002273415585330496,2.9808219178082194,0.16373925983761017
205,2019-12-24,95818396,2022-12-16,C,1440.0,152.1,6,168.0,5.0,160.05,1436.73,-0.002273415585330496,2.9808219178082194,0.16373925983761017
206,2019-12-24,95859025,2022-12-16,P,1440.0,162.8,1,170.8,1.0,166.8,1436.68,-0.0023082174409689562,2.9808219178082194,0.1672653093798463
207,2019-12-24,95859080,2022-12-16,C,1440.0,161.0,1,168.0,5.0,164.5,1436.69,-0.0023012569729470127,2.9808219178082194,0.1683001228837641
208,2019-12-24,95859105,2022-12-16,C,1440.0,161.0,1,168.1,1.0,164.55,1436.69,-0.0023012569729470127,2.9808219178082194,0.16835112963567858
209,2019-12-24,95859106,2022-12-16,P,1440.0,162.8,1,170.8,6.0,166.8,1436.69,-0.0023012569729470127,2.9808219178082194,0.16726985601179914
210,2019-12-24,95859107,2022-12-16,C,1440.0,161.0,1,169.0,1.0,165.0,1436.69,-0.0023012569729470127,2.9808219178082194,0.16881020505978933
211,2019-12-24,95859125,2022-12-16,C,1440.0,161.0,1,169.0,6.0,165.0,1436.69,-0.0023012569729470127,2.9808219178082194,0.16881020505978933
212,2019-12-24,95950175,2022-12-16,P,1440.0,157.5,5,170.8,5.0,164.15,1436.95,-0.002120301807575279,2.9808219178082194,0.164685691146991
213,2019-12-24,95950175,2022-12-16,C,1440.0,155.3,1,169.0,5.0,162.15,1436.95,-0.002120301807575279,2.9808219178082194,0.16575631889843778
214,2019-12-24,95950187,2022-12-16,P,1440.0,157.1,1,172.0,5.0,164.55,1436.95,-0.002120301807575279,2.9808219178082194,0.16509353274656444
215,2019-12-24,95950200,2022-12-16,C,1440.0,154.2,1,169.0,5.0,161.6,1436.95,-0.002120301807575279,2.9808219178082194,0.16519549633332517
216,2019-12-24,95950250,2022-12-16,C,1440.0,153.6,1,169.0,5.0,161.3,1436.95,-0.002120301807575279,2.9808219178082194,0.16488960939894018
217,2019-12-24,95950250,2022-12-16,P,1440.0,156.6,1,172.0,5.0,164.3,1436.95,-0.002120301807575279,2.9808219178082194,0.16483862935849222
218,2019-12-24,95950256,2022-12-16,P,1440.0,156.3,1,172.0,5.0,164.15,1436.95,-0.002120301807575279,2.9808219178082194,0.164685691146991
219,2019-12-24,95950256,2022-12-16,C,1440.0,153.3,1,169.0,5.0,161.15,1436.95,-0.002120301807575279,2.9808219178082194,0.16473667023262106
220,2019-12-24,95950259,2022-12-16,C,1440.0,153.2,1,169.0,5.0,161.1,1436.95,-0.002120301807575279,2.9808219178082194,0.16468569114699091
221,2019-12-24,95950259,2022-12-16,P,1440.0,156.2,1,172.0,5.0,164.1,1436.95,-0.002120301807575279,2.9808219178082194,0.16463471237942642
222,2019-12-24,95950261,2022-12-16,C,1440.0,153.1,1,169.0,5.0,161.05,1436.95,-0.002120301807575279,2.9808219178082194,0.16463471237942642
223,2019-12-24,95950261,2022-12-16,P,1440.0,156.1,1,172.0,5.0,164.05,1436.95,-0.002120301807575279,2.9808219178082194,0.164583733929824
224,2019-12-24,95950298,2022-12-16,C,1440.0,153.1,6,169.0,5.0,161.05,1436.95,-0.002120301807575279,2.9808219178082194,0.16463471237942642
225,2019-12-24,95950298,2022-12-16,P,1440.0,156.1,6,172.0,5.0,164.05,1436.95,-0.002120301807575279,2.9808219178082194,0.164583733929824
226,2019-12-24,95950300,2022-12-16,C,1440.0,153.1,6,168.5,5.0,160.8,1436.95,-0.002120301807575279,2.9808219178082194,0.16437982330896497
227,2019-12-24,95950304,2022-12-16,C,1440.0,153.1,5,168.5,5.0,160.8,1436.95,-0.002120301807575279,2.9808219178082194,0.16437982330896497
228,2019-12-24,95950371,2022-12-16,C,1440.0,153.1,5,168.0,5.0,160.55,1436.95,-0.002120301807575279,2.9808219178082194,0.16412494217461812
229,2019-12-24,95950446,2022-12-16,C,1440.0,152.8,1,168.0,5.0,160.4,1436.95,-0.002120301807575279,2.9808219178082194,0.16397201729796376
230,2019-12-24,95950469,2022-12-16,C,1440.0,152.8,6,168.0,5.0,160.4,1436.95,-0.002120301807575279,2.9808219178082194,0.16397201729796376
231,2019-12-24,95950477,2022-12-16,C,1440.0,152.8,5,168.0,5.0,160.4,1436.95,-0.002120301807575279,2.9808219178082194,0.16397201729796376
232,2019-12-24,95950656,2022-12-16,C,1440.0,152.4,1,168.0,5.0,160.2,1436.95,-0.002120301807575279,2.9808219178082194,0.16376812189457615
233,2019-12-24,95950657,2022-12-16,C,1440.0,152.2,1,168.0,5.0,160.1,1436.95,-0.002120301807575279,2.9808219178082194,0.16366617609051357
234,2019-12-24,95950658,2022-12-16,C,1440.0,152.1,1,168.0,5.0,160.05,1436.95,-0.002120301807575279,2.9808219178082194,0.16361520366252807
235,2019-12-24,95950846,2022-12-16,C,1440.0,152.1,6,168.0,5.0,160.05,1436.95,-0.002120301807575279,2.9808219178082194,0.16361520366252807
236,2019-12-24,100005258,2022-12-16,P,1440.0,162.7,1,170.7,1.0,166.7,1436.97,-0.0021063835356677145,2.9808219178082194,0.1672951191988795
237,2019-12-24,100005305,2022-12-16,C,1440.0,161.1,1,168.0,5.0,164.55,1436.97,-0.0021063835356677145,2.9808219178082194,0.16819268080313332
238,2019-12-24,100005365,2022-12-16,P,1440.0,162.7,1,170.7,6.0,166.7,1436.97,-0.0021063835356677145,2.9808219178082194,0.1672951191988795
239,2019-12-24,100005369,2022-12-16,C,1440.0,161.1,1,168.1,1.0,164.6,1436.97,-0.0021063835356677145,2.9808219178082194,0.16824368164057282
240,2019-12-24,100005371,2022-12-16,C,1440.0,161.1,1,169.1,1.0,165.1,1436.97,-0.0021063835356677145,2.9808219178082194,0.16875370792375713
241,2019-12-24,100005399,2022-12-16,C,1440.0,161.1,1,169.1,6.0,165.1,1436.97,-0.0021063835356677145,2.9808219178082194,0.16875370792375713
242,2019-12-24,100820072,2022-12-16,P,1440.0,162.8,98,170.7,10.0,166.75,1437.13,-0.0019950443337155383,2.9808219178082194,0.16741878832006266
243,2019-12-24,102719261,2022-12-16,C,1440.0,155.4,1,169.1,5.0,162.25,1437.3,-0.0018767600128602431,2.9808219178082194,0.16566053382218374
244,2019-12-24,102719265,2022-12-16,P,1440.0,158.4,1,170.7,5.0,164.55,1437.3,-0.0018767600128602431,2.9808219178082194,0.165252715930906
245,2019-12-24,102719273,2022-12-16,C,1440.0,154.5,5,169.1,5.0,161.8,1437.3,-0.0018767600128602431,2.9808219178082194,0.16520174013253786
246,2019-12-24,102719277,2022-12-16,P,1440.0,157.5,5,170.7,5.0,164.1,1437.3,-0.0018767600128602431,2.9808219178082194,0.16479394522884208
247,2019-12-24,102719401,2022-12-16,P,1440.0,156.6,1,172.0,5.0,164.3,1437.3,-0.0018767600128602431,2.9808219178082194,0.1649978401302343
248,2019-12-24,102719411,2022-12-16,C,1440.0,154.3,1,168.5,5.0,161.4,1437.3,-0.0018767600128602431,2.9808219178082194,0.16479394522884208
249,2019-12-24,102719416,2022-12-16,P,1440.0,156.3,1,172.0,5.0,164.15,1437.3,-0.0018767600128602431,2.9808219178082194,0.1648449184763413
250,2019-12-24,102719422,2022-12-16,C,1440.0,153.4,1,168.5,5.0,160.95,1437.3,-0.0018767600128602431,2.9808219178082194,0.1643352003166684
251,2019-12-24,102719425,2022-12-16,P,1440.0,156.2,1,172.0,5.0,164.1,1437.3,-0.0018767600128602431,2.9808219178082194,0.16479394522884208
252,2019-12-24,102719429,2022-12-16,C,1440.0,152.9,1,168.5,5.0,160.7,1437.3,-0.0018767600128602431,2.9808219178082194,0.164080353148189
253,2019-12-24,102719429,2022-12-16,P,1440.0,156.1,1,172.0,5.0,164.05,1437.3,-0.0018767600128602431,2.9808219178082194,0.16474297229973653
254,2019-12-24,102719431,2022-12-16,C,1440.0,152.7,1,168.5,5.0,160.6,1437.3,-0.0018767600128602431,2.9808219178082194,0.16397841650015402
255,2019-12-24,102719432,2022-12-16,C,1440.0,152.6,1,168.5,5.0,160.55,1437.3,-0.0018767600128602431,2.9808219178082194,0.16392744865129996
256,2019-12-24,102719481,2022-12-16,P,1440.0,156.1,6,172.0,5.0,164.05,1437.3,-0.0018767600128602431,2.9808219178082194,0.16474297229973653
257,2019-12-24,102719481,2022-12-16,C,1440.0,152.6,6,168.5,5.0,160.55,1437.3,-0.0018767600128602431,2.9808219178082194,0.16392744865129996
258,2019-12-24,102719484,2022-12-16,C,1440.0,152.6,6,168.0,5.0,160.3,1437.3,-0.0018767600128602431,2.9808219178082194,0.16367261415453363
259,2019-12-24,102719485,2022-12-16,C,1440.0,152.6,5,168.0,5.0,160.3,1437.3,-0.0018767600128602431,2.9808219178082194,0.16367261415453363
260,2019-12-24,102720125,2022-12-16,C,1440.0,152.3,1,168.0,5.0,160.15,1437.29,-0.0018837175268013242,2.9808219178082194,0.16352535907516155
261,2019-12-24,102720126,2022-12-16,C,1440.0,152.2,1,168.0,5.0,160.1,1437.29,-0.0018837175268013242,2.9808219178082194,0.1634743938517154
262,2019-12-24,102720127,2022-12-16,C,1440.0,152.2,5,168.0,5.0,160.1,1437.29,-0.0018837175268013242,2.9808219178082194,0.1634743938517154
263,2019-12-24,102720127,2022-12-16,C,1440.0,152.1,1,168.0,5.0,160.05,1437.29,-0.0018837175268013242,2.9808219178082194,0.16342342894398657
264,2019-12-24,102720526,2022-12-16,P,1440.0,162.9,1,170.9,1.0,166.9,1437.29,-0.0018837175268013242,2.9808219178082194,0.16764440190874266
265,2019-12-24,102720530,2022-12-16,P,1440.0,162.9,1,170.9,6.0,166.9,1437.29,-0.0018837175268013242,2.9808219178082194,0.16764440190874266
266,2019-12-24,102720531,2022-12-16,C,1440.0,161.1,1,168.0,5.0,164.55,1437.29,-0.0018837175268013242,2.9808219178082194,0.1680115472235957
267,2019-12-24,102720535,2022-12-16,C,1440.0,161.1,1,168.1,1.0,164.6,1437.29,-0.0018837175268013242,2.9808219178082194,0.1680625409597252
268,2019-12-24,102720536,2022-12-16,C,1440.0,161.1,1,169.1,1.0,165.1,1437.29,-0.0018837175268013242,2.9808219178082194,0.16857249621432485
269,2019-12-24,102720541,2022-12-16,C,1440.0,161.1,1,169.1,6.0,165.1,1437.29,-0.0018837175268013242,2.9808219178082194,0.16857249621432485
270,2019-12-24,102731936,2022-12-16,C,1440.0,154.9,1,169.1,5.0,162.0,1437.34,-0.0018489304411555955,2.9808219178082194,0.1653830447378915
271,2019-12-24,102731936,2022-12-16,P,1440.0,157.5,5,170.9,5.0,164.2,1437.34,-0.0018489304411555955,2.9808219178082194,0.1649140787462004
272,2019-12-24,102731948,2022-12-16,C,1440.0,154.5,5,169.1,5.0,161.8,1437.34,-0.0018489304411555955,2.9808219178082194,0.16517914316153778
273,2019-12-24,102732246,2022-12-16,C,1440.0,154.0,1,168.5,5.0,161.25,1437.34,-0.0018489304411555955,2.9808219178082194,0.16461844013946134
274,2019-12-24,102732247,2022-12-16,C,1440.0,153.3,1,168.5,5.0,160.9,1437.34,-0.0018489304411555955,2.9808219178082194,0.16426164917117606
275,2019-12-24,102732248,2022-12-16,C,1440.0,152.9,1,168.5,5.0,160.7,1437.34,-0.0018489304411555955,2.9808219178082194,0.16405777560131743
276,2019-12-24,102732251,2022-12-16,C,1440.0,152.7,1,168.5,5.0,160.6,1437.34,-0.0018489304411555955,2.9808219178082194,0.16395584071828023
277,2019-12-24,102732253,2022-12-16,C,1440.0,152.6,1,168.5,5.0,160.55,1437.34,-0.0018489304411555955,2.9808219178082194,0.1639048737518733
278,2019-12-24,102732268,2022-12-16,P,1440.0,156.1,1,172.0,5.0,164.05,1437.34,-0.0018489304411555955,2.9808219178082194,0.164761160888424
279,2019-12-24,102732269,2022-12-16,C,1440.0,152.6,6,168.0,5.0,160.3,1437.34,-0.0018489304411555955,2.9808219178082194,0.163650043666827
280,2019-12-24,102732273,2022-12-16,C,1440.0,152.6,5,168.0,5.0,160.3,1437.34,-0.0018489304411555955,2.9808219178082194,0.163650043666827
281,2019-12-24,102732322,2022-12-16,P,1440.0,156.1,6,172.0,5.0,164.05,1437.34,-0.0018489304411555955,2.9808219178082194,0.164761160888424
282,2019-12-24,102732638,2022-12-16,C,1440.0,152.3,1,168.0,5.0,160.15,1437.34,-0.0018489304411555955,2.9808219178082194,0.16349714940967403
283,2019-12-24,102732640,2022-12-16,C,1440.0,152.2,1,168.0,5.0,160.1,1437.34,-0.0018489304411555955,2.9808219178082194,0.16344618528898294
284,2019-12-24,102732641,2022-12-16,C,1440.0,152.1,1,168.0,5.0,160.05,1437.34,-0.0018489304411555955,2.9808219178082194,0.16339522148396657
285,2019-12-24,102732646,2022-12-16,C,1440.0,152.1,6,168.0,5.0,160.05,1437.34,-0.0018489304411555955,2.9808219178082194,0.16339522148396657
286,2019-12-24,102733092,2022-12-16,P,1440.0,162.9,1,170.9,1.0,166.9,1437.37,-0.001828058770621089,2.9808219178082194,0.16768070659068504
287,2019-12-24,102733094,2022-12-16,C,1440.0,161.1,1,168.0,5.0,164.55,1437.37,-0.001828058770621089,2.9808219178082194,0.16796625559906544
288,2019-12-24,102733113,2022-12-16,C,1440.0,161.1,1,168.1,1.0,164.6,1437.37,-0.001828058770621089,2.9808219178082194,0.16801724756488637
289,2019-12-24,102733114,2022-12-16,P,1440.0,162.9,1,170.9,6.0,166.9,1437.37,-0.001828058770621089,2.9808219178082194,0.16768070659068504
290,2019-12-24,102733115,2022-12-16,C,1440.0,161.1,1,169.1,1.0,165.1,1437.37,-0.001828058770621089,2.9808219178082194,0.16852718511238512
291,2019-12-24,102733124,2022-12-16,C,1440.0,161.1,1,169.1,6.0,165.1,1437.37,-0.001828058770621089,2.9808219178082194,0.16852718511238512
292,2019-12-24,102743731,2022-12-16,P,1440.0,157.5,5,170.9,5.0,164.2,1437.4,-0.00180718753570401,2.9808219178082194,0.16494135493206363
293,2019-12-24,102743732,2022-12-16,C,1440.0,155.0,1,169.1,5.0,162.05,1437.4,-0.00180718753570401,2.9808219178082194,0.16540011725460457
294,2019-12-24,102743742,2022-12-16,C,1440.0,154.5,5,169.1,5.0,161.8,1437.4,-0.00180718753570401,2.9808219178082194,0.1651452461059715
295,2019-12-24,102743834,2022-12-16,P,1440.0,156.1,1,172.0,5.0,164.05,1437.4,-0.00180718753570401,2.9808219178082194,0.1647884398985443
296,2019-12-24,102743836,2022-12-16,C,1440.0,154.1,1,168.5,5.0,161.3,1437.4,-0.00180718753570401,2.9808219178082194,0.16463552773070855
297,2019-12-24,102743838,2022-12-16,C,1440.0,153.3,1,168.5,5.0,160.9,1437.4,-0.00180718753570401,2.9808219178082194,0.16422777593862284
298,2019-12-24,102743844,2022-12-16,C,1440.0,152.9,1,168.5,5.0,160.7,1437.4,-0.00180718753570401,2.9808219178082194,0.1640239076604525
299,2019-12-24,102743847,2022-12-16,C,1440.0,152.7,1,168.5,5.0,160.6,1437.4,-0.00180718753570401,2.9808219178082194,0.1639219754229456
300,2019-12-24,102743848,2022-12-16,C,1440.0,152.6,1,168.5,5.0,160.55,1437.4,-0.00180718753570401,2.9808219178082194,0.16387100977922553
301,2019-12-24,102743873,2022-12-16,C,1440.0,152.6,6,168.0,5.0,160.3,1437.4,-0.00180718753570401,2.9808219178082194,0.16361618630683122
302,2019-12-24,102743879,2022-12-16,C,1440.0,152.6,5,168.0,5.0,160.3,1437.4,-0.00180718753570401,2.9808219178082194,0.16361618630683122
303,2019-12-24,102743917,2022-12-16,P,1440.0,156.1,6,172.0,5.0,164.05,1437.4,-0.00180718753570401,2.9808219178082194,0.1647884398985443
304,2019-12-24,102744449,2022-12-16,C,1440.0,152.3,1,168.0,5.0,160.15,1437.41,-0.0018002305541990717,2.9808219178082194,0.16345765359403278
305,2019-12-24,102744450,2022-12-16,C,1440.0,152.2,1,168.0,5.0,160.1,1437.41,-0.0018002305541990717,2.9808219178082194,0.1634066910158145
306,2019-12-24,102744451,2022-12-16,C,1440.0,152.1,1,168.0,5.0,160.05,1437.41,-0.0018002305541990717,2.9808219178082194,0.16335572875321036
307,2019-12-24,102744454,2022-12-16,C,1440.0,152.1,6,168.0,5.0,160.05,1437.41,-0.0018002305541990717,2.9808219178082194,0.16335572875321036
308,2019-12-24,102744947,2022-12-16,P,1440.0,162.8,1,170.8,1.0,166.8,1437.41,-0.0018002305541990717,2.9808219178082194,0.1675968778044247
309,2019-12-24,102744950,2022-12-16,C,1440.0,161.1,1,168.0,5.0,164.55,1437.41,-0.0018002305541990717,2.9808219178082194,0.1679436085494602
310,2019-12-24,102745082,2022-12-16,C,1440.0,161.1,1,168.1,1.0,164.6,1437.42,-0.0017932736210934995,2.9808219178082194,0.16798893751847993
311,2019-12-24,102745083,2022-12-16,C,1440.0,161.1,1,169.1,1.0,165.1,1437.42,-0.0017932736210934995,2.9808219178082194,0.16849886400922892
312,2019-12-24,102745094,2022-12-16,P,1440.0,162.8,1,170.8,6.0,166.8,1437.42,-0.0017932736210934995,2.9808219178082194,0.16760141512057408
313,2019-12-24,102745113,2022-12-16,C,1440.0,161.1,1,169.1,6.0,165.1,1437.42,-0.0017932736210934995,2.9808219178082194,0.16849886400922892
314,2019-12-24,103500706,2022-12-16,P,1440.0,162.8,97,170.8,10.0,166.8,1437.31,-0.0018698025473257143,2.9808219178082194,0.16755149764313315
315,2019-12-24,103554439,2022-12-16,C,1440.0,155.0,1,169.1,5.0,162.05,1437.56,-0.001695881639159282,2.9808219178082194,0.16530969808596546
316,2019-12-24,103554444,2022-12-16,P,1440.0,157.5,5,170.8,5.0,164.15,1437.56,-0.001695881639159282,2.9808219178082194,0.16496309924847832
317,2019-12-24,103554513,2022-12-16,C,1440.0,154.5,5,169.1,5.0,161.8,1437.56,-0.001695881639159282,2.9808219178082194,0.16505484456363864
318,2019-12-24,103554571,2022-12-16,P,1440.0,156.1,1,172.0,5.0,164.05,1437.56,-0.001695881639159282,2.9808219178082194,0.16486116122083205
319,2019-12-24,103554572,2022-12-16,C,1440.0,154.1,1,168.5,5.0,161.3,1437.56,-0.001695881639159282,2.9808219178082194,0.16454516143015366
320,2019-12-24,103554574,2022-12-16,C,1440.0,153.3,1,168.5,5.0,160.9,1437.56,-0.001695881639159282,2.9808219178082194,0.16413743782114043
321,2019-12-24,103554576,2022-12-16,C,1440.0,152.9,1,168.5,5.0,160.7,1437.56,-0.001695881639159282,2.9808219178082194,0.16393358363107283
322,2019-12-24,103554578,2022-12-16,C,1440.0,152.7,1,168.5,5.0,160.6,1437.56,-0.001695881639159282,2.9808219178082194,0.1638316584367616
323,2019-12-24,103554579,2022-12-16,C,1440.0,152.6,1,168.5,5.0,160.55,1437.56,-0.001695881639159282,2.9808219178082194,0.16378069631442568
324,2019-12-24,103554646,2022-12-16,C,1440.0,152.6,6,168.0,5.0,160.3,1437.56,-0.001695881639159282,2.9808219178082194,0.1635258904468203
325,2019-12-24,103554649,2022-12-16,C,1440.0,152.6,5,168.0,5.0,160.3,1437.56,-0.001695881639159282,2.9808219178082194,0.1635258904468203
326,2019-12-24,103554656,2022-12-16,P,1440.0,156.1,6,172.0,5.0,164.05,1437.56,-0.001695881639159282,2.9808219178082194,0.16486116122083205
327,2019-12-24,103555086,2022-12-16,C,1440.0,152.3,1,168.0,5.0,160.15,1437.58,-0.0016819692731525526,2.9808219178082194,0.16336172407400892
328,2019-12-24,103555087,2022-12-16,C,1440.0,152.2,1,168.0,5.0,160.1,1437.58,-0.0016819692731525526,2.9808219178082194,0.16331076523506208
329,2019-12-24,103555088,2022-12-16,C,1440.0,152.1,1,168.0,5.0,160.05,1437.58,-0.0016819692731525526,2.9808219178082194,0.16325980671157866
330,2019-12-24,103555140,2022-12-16,C,1440.0,152.1,6,168.0,5.0,160.05,1437.58,-0.0016819692731525526,2.9808219178082194,0.16325980671157866
331,2019-12-24,103555605,2022-12-16,P,1440.0,162.8,1,170.8,1.0,166.8,1437.58,-0.0016819692731525526,2.9808219178082194,0.16767399488310708
332,2019-12-24,103555610,2022-12-16,P,1440.0,162.8,1,170.8,6.0,166.8,1437.58,-0.0016819692731525526,2.9808219178082194,0.16767399488310708
333,2019-12-24,103555615,2022-12-16,C,1440.0,161.2,1,168.0,5.0,164.6,1437.58,-0.0016819692731525526,2.9808219178082194,0.16789833670005053
334,2019-12-24,103555623,2022-12-16,C,1440.0,161.2,1,168.1,1.0,164.64999999999998,1437.58,-0.0016819692731525526,2.9808219178082194,0.16794932435314527
335,2019-12-24,103555624,2022-12-16,C,1440.0,161.2,1,169.2,1.0,165.2,1437.58,-0.0016819692731525526,2.9808219178082194,0.16851021000045627
336,2019-12-24,103555628,2022-12-16,C,1440.0,161.2,1,169.2,6.0,165.2,1437.58,-0.0016819692731525526,2.9808219178082194,0.16851021000045627
337,2019-12-24,104719816,2022-12-16,P,1440.0,158.2,1,170.8,5.0,164.5,1437.43,-0.0017863167363863979,2.9808219178082194,0.16526082713876902
338,2019-12-24,104719817,2022-12-16,C,1440.0,155.4,1,169.2,5.0,162.3,1437.43,-0.0017863167363863979,2.9808219178082194,0.16563804052974107
339,2019-12-24,104719876,2022-12-16,P,1440.0,157.5,5,170.8,5.0,164.15,1437.43,-0.0017863167363863979,2.9808219178082194,0.16490401975796012
340,2019-12-24,104719878,2022-12-16,C,1440.0,154.5,5,169.2,5.0,161.85,1437.43,-0.0017863167363863979,2.9808219178082194,0.16517926978759637
341,2019-12-24,104719918,2022-12-16,C,1440.0,154.3,1,168.5,5.0,161.4,1437.43,-0.0017863167363863979,2.9808219178082194,0.16472052490135328
342,2019-12-24,104719919,2022-12-16,P,1440.0,156.5,1,172.0,5.0,164.25,1437.43,-0.0017863167363863979,2.9808219178082194,0.1650059631291014
343,2019-12-24,104719924,2022-12-16,C,1440.0,153.4,1,168.5,5.0,160.95,1437.43,-0.0017863167363863979,2.9808219178082194,0.1642618057957438
344,2019-12-24,104719925,2022-12-16,P,1440.0,156.3,1,172.0,5.0,164.15,1437.43,-0.0017863167363863979,2.9808219178082194,0.16490401975796012
345,2019-12-24,104719931,2022-12-16,C,1440.0,152.9,1,168.5,5.0,160.7,1437.43,-0.0017863167363863979,2.9808219178082194,0.16400697296026578
346,2019-12-24,104719932,2022-12-16,P,1440.0,156.2,1,172.0,5.0,164.1,1437.43,-0.0017863167363863979,2.9808219178082194,0.16485304855041763
347,2019-12-24,104719937,2022-12-16,C,1440.0,152.7,1,168.5,5.0,160.6,1437.43,-0.0017863167363863979,2.9808219178082194,0.16390504204463857
348,2019-12-24,104719938,2022-12-16,P,1440.0,156.1,1,172.0,5.0,164.05,1437.43,-0.0017863167363863979,2.9808219178082194,0.16480207766142296
349,2019-12-24,104719941,2022-12-16,C,1440.0,152.6,1,168.5,5.0,160.55,1437.43,-0.0017863167363863979,2.9808219178082194,0.16385407706181876
350,2019-12-24,104719947,2022-12-16,C,1440.0,152.6,1,168.0,5.0,160.3,1437.43,-0.0017863167363863979,2.9808219178082194,0.16359925689353141
351,2019-12-24,104719948,2022-12-16,C,1440.0,152.3,1,168.0,5.0,160.15,1437.43,-0.0017863167363863979,2.9808219178082194,0.16344636858549452
352,2019-12-24,104719950,2022-12-16,C,1440.0,152.2,1,168.0,5.0,160.1,1437.43,-0.0017863167363863979,2.9808219178082194,0.16339540644768594
353,2019-12-24,104719951,2022-12-16,C,1440.0,152.1,1,168.0,5.0,160.05,1437.43,-0.0017863167363863979,2.9808219178082194,0.16334444462547398
354,2019-12-24,104719991,2022-12-16,C,1440.0,152.1,6,168.0,5.0,160.05,1437.43,-0.0017863167363863979,2.9808219178082194,0.16334444462547398
355,2019-12-24,104719991,2022-12-16,P,1440.0,156.1,6,172.0,5.0,164.05,1437.43,-0.0017863167363863979,2.9808219178082194,0.16480207766142296
356,2019-12-24,104913376,2022-12-16,P,1440.0,162.9,1,170.9,1.0,166.9,1437.41,-0.0018002305541990717,2.9808219178082194,0.167698855878155
357,2019-12-24,104913377,2022-12-16,P,1440.0,162.9,1,170.9,6.0,166.9,1437.41,-0.0018002305541990717,2.9808219178082194,0.167698855878155
358,2019-12-24,104913391,2022-12-16,C,1440.0,161.2,1,168.0,5.0,164.6,1437.41,-0.0018002305541990717,2.9808219178082194,0.1679945996308813
359,2019-12-24,104913392,2022-12-16,C,1440.0,161.2,1,168.1,1.0,164.64999999999998,1437.41,-0.0018002305541990717,2.9808219178082194,0.1680455910372148
360,2019-12-24,104913392,2022-12-16,C,1440.0,161.2,1,168.1,6.0,164.64999999999998,1437.41,-0.0018002305541990717,2.9808219178082194,0.1680455910372148
361,2019-12-24,104913394,2022-12-16,C,1440.0,161.2,1,168.1,5.0,164.64999999999998,1437.41,-0.0018002305541990717,2.9808219178082194,0.1680455910372148
362,2019-12-24,105202765,2022-12-16,C,1440.0,154.7,1,168.1,5.0,161.39999999999998,1437.17,-0.0019672114700600225,2.9808219178082194,0.16486735651112677
363,2019-12-24,105202765,2022-12-16,P,1440.0,157.5,5,170.9,5.0,164.2,1437.17,-0.0019672114700600225,2.9808219178082194,0.1648367709914433
364,2019-12-24,105203224,2022-12-16,P,1440.0,156.1,1,172.0,5.0,164.05,1437.0,-0.0020855064910213707,2.9808219178082194,0.16460649197192848
365,2019-12-24,105203225,2022-12-16,C,1440.0,154.7,1,168.5,5.0,161.6,1437.0,-0.0020855064910213707,2.9808219178082194,0.16516726372348658
366,2019-12-24,105203376,2022-12-16,C,1440.0,154.7,6,168.5,5.0,161.6,1437.0,-0.0020855064910213707,2.9808219178082194,0.16516726372348658
367,2019-12-24,105203385,2022-12-16,P,1440.0,156.1,6,172.0,5.0,164.05,1437.0,-0.0020855064910213707,2.9808219178082194,0.16460649197192848
368,2019-12-24,105203603,2022-12-16,C,1440.0,154.7,5,168.5,5.0,161.6,1437.0,-0.0020855064910213707,2.9808219178082194,0.16516726372348658
369,2019-12-24,105203629,2022-12-16,C,1440.0,153.4,1,168.5,5.0,160.95,1437.0,-0.0020855064910213707,2.9808219178082194,0.16450453760866396
370,2019-12-24,105203645,2022-12-16,C,1440.0,153.4,6,168.0,5.0,160.7,1437.0,-0.0020855064910213707,2.9808219178082194,0.1642496572587012
371,2019-12-24,105203680,2022-12-16,C,1440.0,153.4,5,168.0,5.0,160.7,1437.0,-0.0020855064910213707,2.9808219178082194,0.1642496572587012
372,2019-12-24,105203687,2022-12-16,P,1440.0,163.1,1,171.1,1.0,167.1,1437.0,-0.0020855064910213707,2.9808219178082194,0.16771671485048792
373,2019-12-24,105203689,2022-12-16,C,1440.0,160.9,1,168.0,5.0,164.45,1437.0,-0.0020855064910213707,2.9808219178082194,0.16807370239784153
374,2019-12-24,105203692,2022-12-16,P,1440.0,163.1,1,171.1,6.0,167.1,1437.0,-0.0020855064910213707,2.9808219178082194,0.16771671485048792
375,2019-12-24,105225642,2022-12-16,P,1440.0,157.5,5,171.1,5.0,164.3,1437.1,-0.002015919489845205,2.9808219178082194,0.16490688192315536
376,2019-12-24,105225646,2022-12-16,C,1440.0,154.0,5,168.0,5.0,161.0,1437.1,-0.002015919489845205,2.9808219178082194,0.16449907201901046
377,2019-12-24,105225780,2022-12-16,C,1440.0,152.7,1,168.0,5.0,160.35,1437.1,-0.002015919489845205,2.9808219178082194,0.16383642427226983
378,2019-12-24,105225782,2022-12-16,C,1440.0,152.4,1,168.0,5.0,160.2,1437.1,-0.002015919489845205,2.9808219178082194,0.16368351316317037
379,2019-12-24,105225783,2022-12-16,C,1440.0,152.2,1,168.0,5.0,160.1,1437.1,-0.002015919489845205,2.9808219178082194,0.1635815740043545
380,2019-12-24,105225784,2022-12-16,C,1440.0,152.1,1,168.0,5.0,160.05,1437.1,-0.002015919489845205,2.9808219178082194,0.16353060489881166
381,2019-12-24,105225790,2022-12-16,P,1440.0,156.5,5,172.1,1.0,164.3,1437.1,-0.002015919489845205,2.9808219178082194,0.16490688192315536
382,2019-12-24,105225791,2022-12-16,P,1440.0,156.5,5,172.4,1.0,164.45,1437.1,-0.002015919489845205,2.9808219178082194,0.1650598158906673
383,2019-12-24,105225791,2022-12-16,P,1440.0,156.5,5,172.3,1.0,164.4,1437.1,-0.002015919489845205,2.9808219178082194,0.1650088375827605
384,2019-12-24,105225872,2022-12-16,P,1440.0,156.5,5,172.4,6.0,164.45,1437.1,-0.002015919489845205,2.9808219178082194,0.1650598158906673
385,2019-12-24,105225872,2022-12-16,C,1440.0,152.1,6,168.0,5.0,160.05,1437.1,-0.002015919489845205,2.9808219178082194,0.16353060489881166
386,2019-12-24,105226803,2022-12-16,P,1440.0,163.1,1,171.1,1.0,167.1,1437.1,-0.002015919489845205,2.9808219178082194,0.1677621250855733
387,2019-12-24,105226805,2022-12-16,P,1440.0,163.1,1,171.1,6.0,167.1,1437.1,-0.002015919489845205,2.9808219178082194,0.1677621250855733
388,2019-12-24,105226814,2022-12-16,C,1440.0,161.0,1,168.0,5.0,164.5,1437.1,-0.002015919489845205,2.9808219178082194,0.16806810400600244
389,2019-12-24,105226815,2022-12-16,C,1440.0,161.0,1,168.1,1.0,164.55,1437.1,-0.002015919489845205,2.9808219178082194,0.16811910162957872
390,2019-12-24,105226816,2022-12-16,C,1440.0,161.0,1,169.0,6.0,165.0,1437.1,-0.002015919489845205,2.9808219178082194,0.168578094883134
391,2019-12-24,105226816,2022-12-16,C,1440.0,161.0,1,169.0,1.0,165.0,1437.1,-0.002015919489845205,2.9808219178082194,0.168578094883134
392,2019-12-24,105610685,2022-12-16,P,1440.0,163.1,1,171.1,1.0,167.1,1437.53,-0.0017167505510897784,2.9808219178082194,0.1679572440908466
393,2019-12-24,105613680,2022-12-16,P,1440.0,163.1,1,171.1,6.0,167.1,1437.52,-0.0017237069518479884,2.9808219178082194,0.16795270910810733
394,2019-12-24,105623904,2022-12-16,P,1440.0,158.3,1,171.1,5.0,164.7,1437.52,-0.0017237069518479884,2.9808219178082194,0.16550561210774214
395,2019-12-24,105623905,2022-12-16,C,1440.0,155.1,1,169.0,5.0,162.05,1437.52,-0.0017237069518479884,2.9808219178082194,0.1653323041564838
396,2019-12-24,105623924,2022-12-16,P,1440.0,157.5,5,171.1,5.0,164.3,1437.52,-0.0017237069518479884,2.9808219178082194,0.16509783457179666
397,2019-12-24,105623925,2022-12-16,C,1440.0,154.5,5,169.0,5.0,161.75,1437.52,-0.0017237069518479884,2.9808219178082194,0.16502647560395062
398,2019-12-24,105624005,2022-12-16,P,1440.0,156.7,1,172.0,5.0,164.35,1437.52,-0.0017237069518479884,2.9808219178082194,0.16514880564597714
399,2019-12-24,105624008,2022-12-16,C,1440.0,154.1,1,168.5,5.0,161.3,1437.52,-0.0017237069518479884,2.9808219178082194,0.16456775429534637
400,2019-12-24,105624009,2022-12-16,P,1440.0,156.4,1,172.0,5.0,164.2,1437.52,-0.0017237069518479884,2.9808219178082194,0.16499589338052847
401,2019-12-24,105624012,2022-12-16,C,1440.0,153.3,1,168.5,5.0,160.9,1437.52,-0.0017237069518479884,2.9808219178082194,0.16416002364684132
402,2019-12-24,105624014,2022-12-16,P,1440.0,156.2,1,172.0,5.0,164.1,1437.52,-0.0017237069518479884,2.9808219178082194,0.1648939534646963
403,2019-12-24,105624015,2022-12-16,C,1440.0,152.9,1,168.5,5.0,160.7,1437.52,-0.0017237069518479884,2.9808219178082194,0.1639561659378964
404,2019-12-24,105624017,2022-12-16,P,1440.0,156.1,1,172.0,5.0,164.05,1437.52,-0.0017237069518479884,2.9808219178082194,0.16484298398481068
405,2019-12-24,105624018,2022-12-16,C,1440.0,152.7,1,168.5,5.0,160.6,1437.52,-0.0017237069518479884,2.9808219178082194,0.16385423898436288
406,2019-12-24,105624019,2022-12-16,C,1440.0,152.6,1,168.5,5.0,160.55,1437.52,-0.0017237069518479884,2.9808219178082194,0.16380327598247002
407,2019-12-24,105624059,2022-12-16,P,1440.0,156.1,6,172.0,5.0,164.05,1437.51,-0.0017306634009981578,2.9808219178082194,0.16483843935355463
408,2019-12-24,105624060,2022-12-16,C,1440.0,152.6,6,168.0,5.0,160.3,1437.51,-0.0017306634009981578,2.9808219178082194,0.1635541093992186
409,2019-12-24,105624063,2022-12-16,C,1440.0,152.6,5,168.0,5.0,160.3,1437.51,-0.0017306634009981578,2.9808219178082194,0.1635541093992186
410,2019-12-24,105625068,2022-12-16,P,1440.0,162.9,1,170.9,1.0,166.9,1437.5,-0.0017376198985408486,2.9808219178082194,0.1677396843363097
411,2019-12-24,105625094,2022-12-16,C,1440.0,161.2,1,168.0,5.0,164.6,1437.5,-0.0017376198985408486,2.9808219178082194,0.16794363876182278
412,2019-12-24,105625137,2022-12-16,C,1440.0,161.2,1,168.3,1.0,164.75,1437.5,-0.0017376198985408486,2.9808219178082194,0.168096607991296
413,2019-12-24,105625139,2022-12-16,P,1440.0,162.9,1,170.9,6.0,166.9,1437.5,-0.0017376198985408486,2.9808219178082194,0.1677396843363097
414,2019-12-24,105625142,2022-12-16,C,1440.0,161.2,1,169.2,1.0,165.2,1437.5,-0.0017376198985408486,2.9808219178082194,0.16855553324839112
415,2019-12-24,105625179,2022-12-16,C,1440.0,161.2,1,169.2,6.0,165.2,1437.5,-0.0017376198985408486,2.9808219178082194,0.16855553324839112
416,2019-12-24,105737029,2022-12-16,C,1440.0,154.8,1,169.2,5.0,162.0,1437.31,-0.0018698025473257143,2.9808219178082194,0.1653999951959684
417,2019-12-24,105737029,2022-12-16,P,1440.0,157.5,5,170.9,5.0,164.2,1437.31,-0.0018698025473257143,2.9808219178082194,0.16490043891184802
418,2019-12-24,105737029,2022-12-16,P,1440.0,157.5,5,170.9,6.0,164.2,1437.31,-0.0018698025473257143,2.9808219178082194,0.16490043891184802
419,2019-12-24,105737037,2022-12-16,C,1440.0,154.5,5,169.2,5.0,161.85,1437.31,-0.0018698025473257143,2.9808219178082194,0.16524706654719357
420,2019-12-24,105737077,2022-12-16,C,1440.0,154.0,1,168.5,5.0,161.25,1437.31,-0.0018698025473257143,2.9808219178082194,0.1646353806625357
421,2019-12-24,105737077,2022-12-16,P,1440.0,156.1,1,172.0,5.0,164.05,1437.31,-0.0018698025473257143,2.9808219178082194,0.16474751964060222
422,2019-12-24,105737081,2022-12-16,C,1440.0,153.3,1,168.5,5.0,160.9,1437.31,-0.0018698025473257143,2.9808219178082194,0.16427858505992998
423,2019-12-24,105737082,2022-12-16,C,1440.0,152.9,1,168.5,5.0,160.7,1437.31,-0.0018698025473257143,2.9808219178082194,0.16407470884246017
424,2019-12-24,105737083,2022-12-16,C,1440.0,152.7,1,168.5,5.0,160.6,1437.31,-0.0018698025473257143,2.9808219178082194,0.16397277263577295
425,2019-12-24,105737084,2022-12-16,C,1440.0,152.6,1,168.5,5.0,160.55,1437.31,-0.0018698025473257143,2.9808219178082194,0.1639218050075798
426,2019-12-24,105737136,2022-12-16,C,1440.0,152.6,6,168.0,5.0,160.3,1437.31,-0.0018698025473257143,2.9808219178082194,0.16366697161398974
427,2019-12-24,105737140,2022-12-16,C,1440.0,152.6,5,168.0,5.0,160.3,1437.31,-0.0018698025473257143,2.9808219178082194,0.16366697161398974
428,2019-12-24,105737142,2022-12-16,P,1440.0,156.1,6,172.0,5.0,164.05,1437.31,-0.0018698025473257143,2.9808219178082194,0.16474751964060222
429,2019-12-24,105737710,2022-12-16,C,1440.0,152.3,1,168.0,5.0,160.15,1437.31,-0.0018698025473257143,2.9808219178082194,0.16351407537201984
430,2019-12-24,105737711,2022-12-16,C,1440.0,152.2,1,168.0,5.0,160.1,1437.31,-0.0018698025473257143,2.9808219178082194,0.16346311058977447
431,2019-12-24,105737712,2022-12-16,C,1440.0,152.1,1,168.0,5.0,160.05,1437.31,-0.0018698025473257143,2.9808219178082194,0.16341214612322955
432,2019-12-24,105737715,2022-12-16,C,1440.0,152.1,6,168.0,5.0,160.05,1437.31,-0.0018698025473257143,2.9808219178082194,0.16341214612322955
433,2019-12-24,105738370,2022-12-16,P,1440.0,162.9,1,170.9,1.0,166.9,1437.33,-0.0018558877614740642,2.9808219178082194,0.1676625552677696
434,2019-12-24,105738383,2022-12-16,C,1440.0,161.2,1,168.0,5.0,164.6,1437.33,-0.0018558877614740642,2.9808219178082194,0.16803989467432548
435,2019-12-24,105738472,2022-12-16,C,1440.0,161.2,1,168.1,1.0,164.64999999999998,1437.33,-0.0018558877614740642,2.9808219178082194,0.16809088785003506
436,2019-12-24,105738479,2022-12-16,P,1440.0,162.9,1,170.9,6.0,166.9,1437.33,-0.0018558877614740642,2.9808219178082194,0.1676625552677696
437,2019-12-24,105738481,2022-12-16,C,1440.0,161.2,1,169.2,1.0,165.2,1437.33,-0.0018558877614740642,2.9808219178082194,0.1686518342615184
438,2019-12-24,105738513,2022-12-16,C,1440.0,161.2,1,169.2,6.0,165.2,1437.33,-0.0018558877614740642,2.9808219178082194,0.1686518342615184
439,2019-12-24,105800486,2022-12-16,C,1440.0,154.6,1,169.2,5.0,161.89999999999998,1437.2,-0.0019463373306826104,2.9808219178082194,0.1653601851700988
440,2019-12-24,105800486,2022-12-16,P,1440.0,157.5,5,170.9,5.0,164.2,1437.2,-0.0019463373306826104,2.9808219178082194,0.16485041624783237
441,2019-12-24,105800498,2022-12-16,C,1440.0,154.5,5,169.2,5.0,161.85,1437.2,-0.0019463373306826104,2.9808219178082194,0.16530920684176756
442,2019-12-24,105800557,2022-12-16,C,1440.0,153.9,1,168.5,5.0,161.2,1437.2,-0.0019463373306826104,2.9808219178082194,0.16464651760214358
443,2019-12-24,105800559,2022-12-16,P,1440.0,156.1,1,172.0,5.0,164.05,1437.2,-0.0019463373306826104,2.9808219178082194,0.1646974917862082
444,2019-12-24,105800560,2022-12-16,C,1440.0,153.2,1,168.5,5.0,160.85,1437.2,-0.0019463373306826104,2.9808219178082194,0.16428970721375513
445,2019-12-24,105800562,2022-12-16,C,1440.0,152.9,1,168.5,5.0,160.7,1437.2,-0.0019463373306826104,2.9808219178082194,0.16413679323808186
446,2019-12-24,105800562,2022-12-16,C,1440.0,152.7,1,168.5,5.0,160.6,1437.2,-0.0019463373306826104,2.9808219178082194,0.1640348521729688
447,2019-12-24,105800563,2022-12-16,C,1440.0,152.6,1,168.5,5.0,160.55,1437.2,-0.0019463373306826104,2.9808219178082194,0.1639838821157031
448,2019-12-24,105800616,2022-12-16,C,1440.0,152.6,6,168.0,5.0,160.3,1437.2,-0.0019463373306826104,2.9808219178082194,0.16372903657814997
449,2019-12-24,105800625,2022-12-16,C,1440.0,152.6,5,168.0,5.0,160.3,1437.2,-0.0019463373306826104,2.9808219178082194,0.16372903657814997
450,2019-12-24,105800631,2022-12-16,P,1440.0,156.1,6,172.0,5.0,164.05,1437.2,-0.0019463373306826104,2.9808219178082194,0.1646974917862082
451,2019-12-24,105801822,2022-12-16,P,1440.0,163.0,1,171.0,1.0,167.0,1437.19,-0.0019532953287274865,2.9808219178082194,0.1677009958543229
452,2019-12-24,105801823,2022-12-16,P,1440.0,163.0,1,171.0,6.0,167.0,1437.19,-0.0019532953287274865,2.9808219178082194,0.1677009958543229
453,2019-12-24,105801835,2022-12-16,C,1440.0,161.0,1,168.3,1.0,164.65,1437.19,-0.0019532953287274865,2.9808219178082194,0.16817014934845706
454,2019-12-24,105801835,2022-12-16,C,1440.0,161.0,1,168.0,5.0,164.5,1437.19,-0.0019532953287274865,2.9808219178082194,0.16801716149282908
455,2019-12-24,105801836,2022-12-16,C,1440.0,161.0,1,168.3,6.0,164.65,1437.19,-0.0019532953287274865,2.9808219178082194,0.16817014934845706
456,2019-12-24,105801836,2022-12-16,C,1440.0,161.0,1,168.3,5.0,164.65,1437.19,-0.0019532953287274865,2.9808219178082194,0.16817014934845706
457,2019-12-24,111128291,2022-12-16,P,1440.0,163.0,1,171.0,1.0,167.0,1437.56,-0.001695881639159282,2.9808219178082194,0.1678688722840759
458,2019-12-24,111128312,2022-12-16,P,1440.0,163.0,1,171.0,6.0,167.0,1437.56,-0.001695881639159282,2.9808219178082194,0.1678688722840759
459,2019-12-24,111135040,2022-12-16,P,1440.0,163.0,1,171.0,1.0,167.0,1437.55,-0.0017028378947460982,2.9808219178082194,0.16786433737081313
460,2019-12-24,111135122,2022-12-16,P,1440.0,163.0,1,171.0,6.0,167.0,1437.55,-0.0017028378947460982,2.9808219178082194,0.16786433737081313
461,2019-12-24,111135478,2022-12-16,P,1440.0,163.0,1,171.0,1.0,167.0,1437.55,-0.0017028378947460982,2.9808219178082194,0.16786433737081313
462,2019-12-24,120139842,2022-12-16,P,1440.0,157.5,5,172.1,1.0,164.8,1436.75,-0.0022594951821954166,2.9808219178082194,0.16525742711054187
463,2019-12-24,120139842,2022-12-16,C,1440.0,154.7,1,168.3,5.0,161.5,1436.75,-0.0022594951821954166,2.9808219178082194,0.1652064410307356
464,2019-12-24,120139853,2022-12-16,P,1440.0,157.5,5,172.8,1.0,165.15,1436.75,-0.0022594951821954166,2.9808219178082194,0.16561433861135183
465,2019-12-24,120139854,2022-12-16,C,1440.0,153.5,6,168.3,5.0,160.9,1436.75,-0.0022594951821954166,2.9808219178082194,0.16459463292947124
466,2019-12-24,120139872,2022-12-16,P,1440.0,157.5,5,173.2,1.0,165.35,1436.75,-0.0022594951821954166,2.9808219178082194,0.16581829507549922
467,2019-12-24,120139872,2022-12-16,C,1440.0,153.5,5,168.3,5.0,160.9,1436.75,-0.0022594951821954166,2.9808219178082194,0.16459463292947124
468,2019-12-24,120139880,2022-12-16,P,1440.0,157.2,1,172.5,5.0,164.85,1436.75,-0.0022594951821954166,2.9808219178082194,0.16530841350950373
469,2019-12-24,120139883,2022-12-16,C,1440.0,153.5,5,167.5,5.0,160.5,1436.75,-0.0022594951821954166,2.9808219178082194,0.16418678629767033
470,2019-12-24,120139883,2022-12-16,P,1440.0,156.9,1,172.5,5.0,164.7,1436.75,-0.0022594951821954166,2.9808219178082194,0.16515545526998152
471,2019-12-24,120139890,2022-12-16,P,1440.0,156.7,1,172.5,5.0,164.6,1436.75,-0.0022594951821954166,2.9808219178082194,0.16505348470521455
472,2019-12-24,120139893,2022-12-16,P,1440.0,156.6,1,172.5,5.0,164.55,1436.75,-0.0022594951821954166,2.9808219178082194,0.16500249990099447
473,2019-12-24,120140022,2022-12-16,P,1440.0,156.6,6,172.5,5.0,164.55,1436.75,-0.0022594951821954166,2.9808219178082194,0.16500249990099447
474,2019-12-24,120141132,2022-12-16,P,1440.0,163.2,1,171.2,1.0,167.2,1436.75,-0.0022594951821954166,2.9808219178082194,0.16770513617932137
475,2019-12-24,120141134,2022-12-16,C,1440.0,160.8,1,167.5,5.0,164.15,1436.75,-0.0022594951821954166,2.9808219178082194,0.16790914548689337
476,2019-12-24,120141224,2022-12-16,C,1440.0,160.8,1,168.8,1.0,164.8,1436.75,-0.0022594951821954166,2.9808219178082194,0.16857221163389668
477,2019-12-24,120141229,2022-12-16,P,1440.0,163.2,1,171.2,6.0,167.2,1436.75,-0.0022594951821954166,2.9808219178082194,0.16770513617932137
478,2019-12-24,120141239,2022-12-16,C,1440.0,160.8,1,168.8,6.0,164.8,1436.75,-0.0022594951821954166,2.9808219178082194,0.16857221163389668
479,2019-12-24,120152979,2022-12-16,P,1440.0,158.0,5,171.2,5.0,164.6,1436.78,-0.002238614940819042,2.9808219178082194,0.16506714245342355
480,2019-12-24,120152979,2022-12-16,C,1440.0,153.5,5,168.8,5.0,161.15,1436.78,-0.002238614940819042,2.9808219178082194,0.16483261718334136
481,2019-12-24,120153096,2022-12-16,C,1440.0,152.9,1,168.0,5.0,160.45,1436.77,-0.002245574972835263,2.9808219178082194,0.16412452636776637
482,2019-12-24,120153097,2022-12-16,C,1440.0,152.4,1,168.0,5.0,160.2,1436.77,-0.002245574972835263,2.9808219178082194,0.16386963633544113
483,2019-12-24,120153098,2022-12-16,C,1440.0,152.2,1,168.0,5.0,160.1,1436.77,-0.002245574972835263,2.9808219178082194,0.16376768253763274
484,2019-12-24,120153099,2022-12-16,C,1440.0,152.1,1,168.0,5.0,160.05,1436.77,-0.002245574972835263,2.9808219178082194,0.16371670611298325
485,2019-12-24,120153114,2022-12-16,P,1440.0,156.6,1,172.5,5.0,164.55,1436.77,-0.002245574972835263,2.9808219178082194,0.16501160551345534
486,2019-12-24,120153128,2022-12-16,C,1440.0,152.1,6,167.5,5.0,159.8,1436.77,-0.002245574972835263,2.9808219178082194,0.16346182872813925
487,2019-12-24,120153134,2022-12-16,C,1440.0,152.1,5,167.5,5.0,159.8,1436.77,-0.002245574972835263,2.9808219178082194,0.16346182872813925
488,2019-12-24,120153148,2022-12-16,P,1440.0,156.6,6,172.5,5.0,164.55,1436.77,-0.002245574972835263,2.9808219178082194,0.16501160551345534
489,2019-12-24,120153183,2022-12-16,C,1440.0,152.1,5,167.0,5.0,159.55,1436.77,-0.002245574972835263,2.9808219178082194,0.1632069592311419
490,2019-12-24,120154056,2022-12-16,P,1440.0,156.6,6,172.6,1.0,164.6,1436.78,-0.002238614940819042,2.9808219178082194,0.16506714245342355
491,2019-12-24,120154058,2022-12-16,C,1440.0,151.8,1,167.0,5.0,159.4,1436.78,-0.002238614940819042,2.9808219178082194,0.16304840563712816
492,2019-12-24,120154059,2022-12-16,P,1440.0,156.6,1,172.6,1.0,164.6,1436.78,-0.002238614940819042,2.9808219178082194,0.16506714245342355
493,2019-12-24,120154060,2022-12-16,C,1440.0,151.8,1,167.8,1.0,159.8,1436.78,-0.002238614940819042,2.9808219178082194,0.16345619127359554
494,2019-12-24,120154066,2022-12-16,C,1440.0,151.6,1,167.6,1.0,159.6,1436.78,-0.002238614940819042,2.9808219178082194,0.16325229593462454
495,2019-12-24,120154187,2022-12-16,P,1440.0,163.2,1,171.2,1.0,167.2,1436.78,-0.002238614940819042,2.9808219178082194,0.1677187692080432
496,2019-12-24,120154188,2022-12-16,C,1440.0,160.8,1,167.6,1.0,164.2,1436.78,-0.002238614940819042,2.9808219178082194,0.16794317764496997
497,2019-12-24,120154189,2022-12-16,C,1440.0,160.8,1,168.8,1.0,164.8,1436.78,-0.002238614940819042,2.9808219178082194,0.16855523262436378
498,2019-12-24,121808807,2022-12-16,P,1440.0,156.6,1,172.6,1.0,164.6,1436.42,-0.0024892066169180578,2.9808219178082194,0.16490317256286274
499,2019-12-24,121808807,2022-12-16,C,1440.0,154.0,1,170.0,1.0,162.0,1436.42,-0.0024892066169180578,2.9808219178082194,0.16590264221412673
500,2019-12-24,121810074,2022-12-16,P,1440.0,163.3,1,171.3,1.0,167.3,1436.42,-0.0024892066169180578,2.9808219178082194,0.16765711144473025
501,2019-12-24,121810083,2022-12-16,C,1440.0,160.6,1,168.6,1.0,164.6,1436.42,-0.0024892066169180578,2.9808219178082194,0.16855489482205802
502,2019-12-24,121819176,2022-12-16,P,1440.0,156.6,1,172.6,1.0,164.6,1436.43,-0.002482244889017119,2.9808219178082194,0.16490772954998828
503,2019-12-24,121819176,2022-12-16,C,1440.0,154.0,1,170.0,1.0,162.0,1436.43,-0.002482244889017119,2.9808219178082194,0.16589699681117387
504,2019-12-24,121820426,2022-12-16,P,1440.0,163.3,1,171.3,1.0,167.3,1436.43,-0.002482244889017119,2.9808219178082194,0.16766165981547668
505,2019-12-24,121820430,2022-12-16,C,1440.0,160.6,1,168.6,1.0,164.6,1436.43,-0.002482244889017119,2.9808219178082194,0.16854923777516923
506,2019-12-24,122335582,2022-12-16,P,1440.0,158.2,1,174.2,1.0,166.2,1436.96,-0.002113342647406654,2.9808219178082194,0.16678064073248375
507,2019-12-24,122335582,2022-12-16,C,1440.0,154.4,1,170.4,1.0,162.4,1436.96,-0.002113342647406654,2.9808219178082194,0.16600560107923207
508,2019-12-24,122336751,2022-12-16,P,1440.0,163.0,1,171.0,1.0,167.0,1436.96,-0.002113342647406654,2.9808219178082194,0.16759655240566515
509,2019-12-24,122336762,2022-12-16,C,1440.0,160.9,1,168.9,1.0,164.9,1436.96,-0.002113342647406654,2.9808219178082194,0.16855535463494073
510,2019-12-24,124956978,2022-12-16,C,1440.0,154.5,1,170.5,1.0,162.5,1436.9,-0.0021550983348852587,2.9808219178082194,0.16614147742676913
511,2019-12-24,124956978,2022-12-16,P,1440.0,158.0,1,174.0,1.0,166.0,1436.9,-0.0021550983348852587,2.9808219178082194,0.16654939958037124
512,2019-12-24,124958402,2022-12-16,P,1440.0,163.0,1,171.0,1.0,167.0,1436.9,-0.0021550983348852587,2.9808219178082194,0.16756929519443944
513,2019-12-24,124958412,2022-12-16,C,1440.0,160.9,1,168.9,1.0,164.9,1436.9,-0.0021550983348852587,2.9808219178082194,0.16858932037238608
514,2019-12-24,125430721,2022-12-16,P,1440.0,158.0,1,174.0,1.0,166.0,1436.73,-0.002273415585330496,2.9808219178082194,0.16647209208569347
515,2019-12-24,125430721,2022-12-16,C,1440.0,154.5,1,170.5,1.0,162.5,1436.73,-0.002273415585330496,2.9808219178082194,0.16623752195514532
516,2019-12-24,125431875,2022-12-16,P,1440.0,163.1,1,171.1,1.0,167.1,1436.71,-0.0022873361822458964,2.9808219178082194,0.1675849530457079
517,2019-12-24,125431905,2022-12-16,C,1440.0,160.8,1,168.8,1.0,164.8,1436.71,-0.0022873361822458964,2.9808219178082194,0.1685948496006688
518,2019-12-24,125930606,2022-12-16,P,1440.0,158.0,1,174.0,1.0,166.0,1436.95,-0.002120301807575279,2.9808219178082194,0.16657213002050286
519,2019-12-24,125930619,2022-12-16,C,1440.0,154.5,1,170.5,1.0,162.5,1436.95,-0.002120301807575279,2.9808219178082194,0.16611322615175694
520,2019-12-24,125931786,2022-12-16,P,1440.0,163.0,1,171.0,1.0,167.0,1436.9,-0.0021550983348852587,2.9808219178082194,0.16756929519443944
521,2019-12-24,125931796,2022-12-16,C,1440.0,160.9,1,168.9,1.0,164.9,1436.9,-0.0021550983348852587,2.9808219178082194,0.16858932037238608
522,2019-12-24,130000722,2022-12-16,C,1440.0,154.5,1,170.5,1.0,162.5,1437.18,-0.001960253375186325,2.9808219178082194,0.16598325335989522
523,2019-12-24,130000722,2022-12-16,P,1440.0,158.0,1,174.0,1.0,166.0,1437.18,-0.001960253375186325,2.9808219178082194,0.16667664877302177
524,2019-12-24,130001818,2022-12-16,P,1440.0,162.8,1,170.8,1.0,166.8,1437.12,-0.0020020026706731903,2.9808219178082194,0.16746524024535167
525,2019-12-24,130001827,2022-12-16,C,1440.0,161.2,1,169.2,1.0,165.2,1437.12,-0.0020020026706731903,2.9808219178082194,0.16877077394135712
526,2019-12-24,130102155,2022-12-16,P,1440.0,158.0,1,174.0,1.0,166.0,1437.1,-0.002015919489845205,2.9808219178082194,0.16664030211054687
527,2019-12-24,130102156,2022-12-16,C,1440.0,154.5,1,170.5,1.0,162.5,1437.1,-0.002015919489845205,2.9808219178082194,0.16602846444491787
528,2019-12-24,130149438,2022-12-16,P,1440.0,162.9,1,170.9,1.0,166.9,1437.09,-0.0020228779720610265,2.9808219178082194,0.1675536045486068
529,2019-12-24,130149441,2022-12-16,C,1440.0,161.1,1,169.1,1.0,165.1,1437.09,-0.0020228779720610265,2.9808219178082194,0.16868575965451907
530,2019-12-24,130203530,2022-12-16,C,1440.0,154.5,1,170.5,1.0,162.5,1437.1,-0.002015919489845205,2.9808219178082194,0.16602846444491787
531,2019-12-24,130203530,2022-12-16,P,1440.0,158.0,1,174.0,1.0,166.0,1437.1,-0.002015919489845205,2.9808219178082194,0.16664030211054687
532,2019-12-24,130205120,2022-12-16,P,1440.0,162.9,1,170.9,1.0,166.9,1437.1,-0.002015919489845205,2.9808219178082194,0.16755814562723756
533,2019-12-24,130205125,2022-12-16,C,1440.0,161.1,1,169.1,1.0,165.1,1437.1,-0.002015919489845205,2.9808219178082194,0.1686800969674873
534,2019-12-24,130218130,2022-12-16,P,1440.0,158.0,1,174.0,1.0,166.0,1437.1,-0.002015919489845205,2.9808219178082194,0.16664030211054687
535,2019-12-24,130218130,2022-12-16,C,1440.0,154.5,1,170.5,1.0,162.5,1437.1,-0.002015919489845205,2.9808219178082194,0.16602846444491787
536,2019-12-24,130219339,2022-12-16,P,1440.0,162.9,1,170.9,1.0,166.9,1437.1,-0.002015919489845205,2.9808219178082194,0.16755814562723756
537,2019-12-24,130219344,2022-12-16,C,1440.0,161.1,1,169.1,1.0,165.1,1437.1,-0.002015919489845205,2.9808219178082194,0.1686800969674873
